,positif,negatif,cours,ratio
2009-01-03,,,0.0,
2009-01-04,,,0.0,
2009-01-05,,,0.0,
2009-01-06,,,0.0,
2009-01-07,,,0.0,
2009-01-08,,,0.0,
2009-01-09,,,0.0,
2009-01-10,,,0.0,
2009-01-11,,,0.0,
2009-01-12,,,0.0,
2009-01-13,,,0.0,
2009-01-14,,,0.0,
2009-01-15,,,0.0,
2009-01-16,,,0.0,
2009-01-17,,,0.0,
2009-01-18,,,0.0,
2009-01-19,,,0.0,
2009-01-20,,,0.0,
2009-01-21,,,0.0,
2009-01-22,,,0.0,
2009-01-23,,,0.0,
2009-01-24,,,0.0,
2009-01-25,,,0.0,
2009-01-26,,,0.0,
2009-01-27,,,0.0,
2009-01-28,,,0.0,
2009-01-29,,,0.0,
2009-01-30,,,0.0,
2009-01-31,,,0.0,
2009-02-01,,,0.0,
2009-02-02,,,0.0,
2009-02-03,,,0.0,
2009-02-04,,,0.0,
2009-02-05,,,0.0,
2009-02-06,,,0.0,
2009-02-07,,,0.0,
2009-02-08,,,0.0,
2009-02-09,,,0.0,
2009-02-10,,,0.0,
2009-02-11,,,0.0,
2009-02-12,,,0.0,
2009-02-13,,,0.0,
2009-02-14,,,0.0,
2009-02-15,,,0.0,
2009-02-16,,,0.0,
2009-02-17,,,0.0,
2009-02-18,,,0.0,
2009-02-19,,,0.0,
2009-02-20,,,0.0,
2009-02-21,,,0.0,
2009-02-22,,,0.0,
2009-02-23,,,0.0,
2009-02-24,,,0.0,
2009-02-25,,,0.0,
2009-02-26,,,0.0,
2009-02-27,,,0.0,
2009-02-28,,,0.0,
2009-03-01,,,0.0,
2009-03-02,,,0.0,
2009-03-03,,,0.0,
2009-03-04,,,0.0,
2009-03-05,,,0.0,
2009-03-06,,,0.0,
2009-03-07,,,0.0,
2009-03-08,,,0.0,
2009-03-09,,,0.0,
2009-03-10,,,0.0,
2009-03-11,,,0.0,
2009-03-12,,,0.0,
2009-03-13,,,0.0,
2009-03-14,,,0.0,
2009-03-15,,,0.0,
2009-03-16,,,0.0,
2009-03-17,,,0.0,
2009-03-18,,,0.0,
2009-03-19,,,0.0,
2009-03-20,,,0.0,
2009-03-21,,,0.0,
2009-03-22,,,0.0,
2009-03-23,,,0.0,
2009-03-24,,,0.0,
2009-03-25,,,0.0,
2009-03-26,,,0.0,
2009-03-27,,,0.0,
2009-03-28,,,0.0,
2009-03-29,,,0.0,
2009-03-30,,,0.0,
2009-03-31,,,0.0,
2009-04-01,,,0.0,
2009-04-02,,,0.0,
2009-04-03,,,0.0,
2009-04-04,,,0.0,
2009-04-05,,,0.0,
2009-04-06,,,0.0,
2009-04-07,,,0.0,
2009-04-08,,,0.0,
2009-04-09,,,0.0,
2009-04-10,,,0.0,
2009-04-11,,,0.0,
2009-04-12,,,0.0,
2009-04-13,,,0.0,
2009-04-14,,,0.0,
2009-04-15,,,0.0,
2009-04-16,,,0.0,
2009-04-17,,,0.0,
2009-04-18,,,0.0,
2009-04-19,,,0.0,
2009-04-20,,,0.0,
2009-04-21,,,0.0,
2009-04-22,,,0.0,
2009-04-23,,,0.0,
2009-04-24,,,0.0,
2009-04-25,,,0.0,
2009-04-26,,,0.0,
2009-04-27,,,0.0,
2009-04-28,,,0.0,
2009-04-29,,,0.0,
2009-04-30,,,0.0,
2009-05-01,,,0.0,
2009-05-02,,,0.0,
2009-05-03,,,0.0,
2009-05-04,,,0.0,
2009-05-05,,,0.0,
2009-05-06,,,0.0,
2009-05-07,,,0.0,
2009-05-08,,,0.0,
2009-05-09,,,0.0,
2009-05-10,,,0.0,
2009-05-11,,,0.0,
2009-05-12,,,0.0,
2009-05-13,,,0.0,
2009-05-14,,,0.0,
2009-05-15,,,0.0,
2009-05-16,,,0.0,
2009-05-17,,,0.0,
2009-05-18,,,0.0,
2009-05-19,,,0.0,
2009-05-20,,,0.0,
2009-05-21,,,0.0,
2009-05-22,,,0.0,
2009-05-23,,,0.0,
2009-05-24,,,0.0,
2009-05-25,,,0.0,
2009-05-26,,,0.0,
2009-05-27,,,0.0,
2009-05-28,,,0.0,
2009-05-29,,,0.0,
2009-05-30,,,0.0,
2009-05-31,,,0.0,
2009-06-01,,,0.0,
2009-06-02,,,0.0,
2009-06-03,,,0.0,
2009-06-04,,,0.0,
2009-06-05,,,0.0,
2009-06-06,,,0.0,
2009-06-07,,,0.0,
2009-06-08,,,0.0,
2009-06-09,,,0.0,
2009-06-10,,,0.0,
2009-06-11,,,0.0,
2009-06-12,,,0.0,
2009-06-13,,,0.0,
2009-06-14,,,0.0,
2009-06-15,,,0.0,
2009-06-16,,,0.0,
2009-06-17,,,0.0,
2009-06-18,,,0.0,
2009-06-19,,,0.0,
2009-06-20,,,0.0,
2009-06-21,,,0.0,
2009-06-22,,,0.0,
2009-06-23,,,0.0,
2009-06-24,,,0.0,
2009-06-25,,,0.0,
2009-06-26,,,0.0,
2009-06-27,,,0.0,
2009-06-28,,,0.0,
2009-06-29,,,0.0,
2009-06-30,,,0.0,
2009-07-01,,,0.0,
2009-07-02,,,0.0,
2009-07-03,,,0.0,
2009-07-04,,,0.0,
2009-07-05,,,0.0,
2009-07-06,,,0.0,
2009-07-07,,,0.0,
2009-07-08,,,0.0,
2009-07-09,,,0.0,
2009-07-10,,,0.0,
2009-07-11,,,0.0,
2009-07-12,,,0.0,
2009-07-13,,,0.0,
2009-07-14,,,0.0,
2009-07-15,,,0.0,
2009-07-16,,,0.0,
2009-07-17,,,0.0,
2009-07-18,,,0.0,
2009-07-19,,,0.0,
2009-07-20,,,0.0,
2009-07-21,,,0.0,
2009-07-22,,,0.0,
2009-07-23,,,0.0,
2009-07-24,,,0.0,
2009-07-25,,,0.0,
2009-07-26,,,0.0,
2009-07-27,,,0.0,
2009-07-28,,,0.0,
2009-07-29,,,0.0,
2009-07-30,,,0.0,
2009-07-31,,,0.0,
2009-08-01,,,0.0,
2009-08-02,,,0.0,
2009-08-03,,,0.0,
2009-08-04,,,0.0,
2009-08-05,,,0.0,
2009-08-06,,,0.0,
2009-08-07,,,0.0,
2009-08-08,,,0.0,
2009-08-09,,,0.0,
2009-08-10,,,0.0,
2009-08-11,,,0.0,
2009-08-12,,,0.0,
2009-08-13,,,0.0,
2009-08-14,,,0.0,
2009-08-15,,,0.0,
2009-08-16,,,0.0,
2009-08-17,,,0.0,
2009-08-18,,,0.0,
2009-08-19,,,0.0,
2009-08-20,,,0.0,
2009-08-21,,,0.0,
2009-08-22,,,0.0,
2009-08-23,,,0.0,
2009-08-24,,,0.0,
2009-08-25,,,0.0,
2009-08-26,,,0.0,
2009-08-27,,,0.0,
2009-08-28,,,0.0,
2009-08-29,,,0.0,
2009-08-30,,,0.0,
2009-08-31,,,0.0,
2009-09-01,,,0.0,
2009-09-02,,,0.0,
2009-09-03,,,0.0,
2009-09-04,,,0.0,
2009-09-05,,,0.0,
2009-09-06,,,0.0,
2009-09-07,,,0.0,
2009-09-08,,,0.0,
2009-09-09,,,0.0,
2009-09-10,,,0.0,
2009-09-11,,,0.0,
2009-09-12,,,0.0,
2009-09-13,,,0.0,
2009-09-14,,,0.0,
2009-09-15,,,0.0,
2009-09-16,,,0.0,
2009-09-17,,,0.0,
2009-09-18,,,0.0,
2009-09-19,,,0.0,
2009-09-20,,,0.0,
2009-09-21,,,0.0,
2009-09-22,,,0.0,
2009-09-23,,,0.0,
2009-09-24,,,0.0,
2009-09-25,,,0.0,
2009-09-26,,,0.0,
2009-09-27,,,0.0,
2009-09-28,,,0.0,
2009-09-29,,,0.0,
2009-09-30,,,0.0,
2009-10-01,,,0.0,
2009-10-02,,,0.0,
2009-10-03,,,0.0,
2009-10-04,,,0.0,
2009-10-05,,,0.0,
2009-10-06,,,0.0,
2009-10-07,,,0.0,
2009-10-08,,,0.0,
2009-10-09,,,0.0,
2009-10-10,,,0.0,
2009-10-11,,,0.0,
2009-10-12,,,0.0,
2009-10-13,,,0.0,
2009-10-14,,,0.0,
2009-10-15,,,0.0,
2009-10-16,,,0.0,
2009-10-17,,,0.0,
2009-10-18,,,0.0,
2009-10-19,,,0.0,
2009-10-20,,,0.0,
2009-10-21,,,0.0,
2009-10-22,,,0.0,
2009-10-23,,,0.0,
2009-10-24,,,0.0,
2009-10-25,,,0.0,
2009-10-26,,,0.0,
2009-10-27,,,0.0,
2009-10-28,,,0.0,
2009-10-29,,,0.0,
2009-10-30,,,0.0,
2009-10-31,,,0.0,
2009-11-01,,,0.0,
2009-11-02,,,0.0,
2009-11-03,,,0.0,
2009-11-04,,,0.0,
2009-11-05,,,0.0,
2009-11-06,,,0.0,
2009-11-07,,,0.0,
2009-11-08,,,0.0,
2009-11-09,,,0.0,
2009-11-10,,,0.0,
2009-11-11,,,0.0,
2009-11-12,,,0.0,
2009-11-13,,,0.0,
2009-11-14,,,0.0,
2009-11-15,,,0.0,
2009-11-16,,,0.0,
2009-11-17,,,0.0,
2009-11-18,,,0.0,
2009-11-19,,,0.0,
2009-11-20,,,0.0,
2009-11-21,,,0.0,
2009-11-22,,,0.0,
2009-11-23,,,0.0,
2009-11-24,,,0.0,
2009-11-25,,,0.0,
2009-11-26,,,0.0,
2009-11-27,,,0.0,
2009-11-28,,,0.0,
2009-11-29,,,0.0,
2009-11-30,,,0.0,
2009-12-01,,,0.0,
2009-12-02,,,0.0,
2009-12-03,,,0.0,
2009-12-04,,,0.0,
2009-12-05,,,0.0,
2009-12-06,,,0.0,
2009-12-07,,,0.0,
2009-12-08,,,0.0,
2009-12-09,,,0.0,
2009-12-10,,,0.0,
2009-12-11,,,0.0,
2009-12-12,,,0.0,
2009-12-13,,,0.0,
2009-12-14,,,0.0,
2009-12-15,,,0.0,
2009-12-16,,,0.0,
2009-12-17,,,0.0,
2009-12-18,,,0.0,
2009-12-19,,,0.0,
2009-12-20,,,0.0,
2009-12-21,,,0.0,
2009-12-22,,,0.0,
2009-12-23,,,0.0,
2009-12-24,,,0.0,
2009-12-25,,,0.0,
2009-12-26,,,0.0,
2009-12-27,,,0.0,
2009-12-28,,,0.0,
2009-12-29,,,0.0,
2009-12-30,,,0.0,
2009-12-31,,,0.0,
2010-01-01,,,0.0,
2010-01-02,,,0.0,
2010-01-03,,,0.0,
2010-01-04,,,0.0,
2010-01-05,,,0.0,
2010-01-06,,,0.0,
2010-01-07,,,0.0,
2010-01-08,,,0.0,
2010-01-09,,,0.0,
2010-01-10,,,0.0,
2010-01-11,,,0.0,
2010-01-12,,,0.0,
2010-01-13,,,0.0,
2010-01-14,,,0.0,
2010-01-15,,,0.0,
2010-01-16,,,0.0,
2010-01-17,,,0.0,
2010-01-18,,,0.0,
2010-01-19,,,0.0,
2010-01-20,,,0.0,
2010-01-21,,,0.0,
2010-01-22,,,0.0,
2010-01-23,,,0.0,
2010-01-24,,,0.0,
2010-01-25,,,0.0,
2010-01-26,,,0.0,
2010-01-27,,,0.0,
2010-01-28,,,0.0,
2010-01-29,,,0.0,
2010-01-30,,,0.0,
2010-01-31,,,0.0,
2010-02-01,,,0.0,
2010-02-02,,,0.0,
2010-02-03,,,0.0,
2010-02-04,,,0.0,
2010-02-05,,,0.0,
2010-02-06,,,0.0,
2010-02-07,,,0.0,
2010-02-08,,,0.0,
2010-02-09,,,0.0,
2010-02-10,,,0.0,
2010-02-11,,,0.0,
2010-02-12,,,0.0,
2010-02-13,,,0.0,
2010-02-14,,,0.0,
2010-02-15,,,0.0,
2010-02-16,,,0.0,
2010-02-17,,,0.0,
2010-02-18,,,0.0,
2010-02-19,,,0.0,
2010-02-20,,,0.0,
2010-02-21,,,0.0,
2010-02-22,,,0.0,
2010-02-23,,,0.0,
2010-02-24,,,0.0,
2010-02-25,,,0.0,
2010-02-26,,,0.0,
2010-02-27,,,0.0,
2010-02-28,,,0.0,
2010-03-01,,,0.0,
2010-03-02,,,0.0,
2010-03-03,,,0.0,
2010-03-04,,,0.0,
2010-03-05,,,0.0,
2010-03-06,,,0.0,
2010-03-07,,,0.0,
2010-03-08,,,0.0,
2010-03-09,,,0.0,
2010-03-10,,,0.0,
2010-03-11,,,0.0,
2010-03-12,,,0.0,
2010-03-13,,,0.0,
2010-03-14,,,0.0,
2010-03-15,,,0.0,
2010-03-16,,,0.0,
2010-03-17,,,0.0,
2010-03-18,,,0.0,
2010-03-19,,,0.0,
2010-03-20,,,0.0,
2010-03-21,,,0.0,
2010-03-22,,,0.0,
2010-03-23,,,0.0,
2010-03-24,,,0.0,
2010-03-25,,,0.0,
2010-03-26,,,0.0,
2010-03-27,,,0.0,
2010-03-28,,,0.0,
2010-03-29,,,0.0,
2010-03-30,,,0.0,
2010-03-31,,,0.0,
2010-04-01,,,0.0,
2010-04-02,,,0.0,
2010-04-03,,,0.0,
2010-04-04,,,0.0,
2010-04-05,,,0.0,
2010-04-06,,,0.0,
2010-04-07,,,0.0,
2010-04-08,,,0.0,
2010-04-09,,,0.0,
2010-04-10,,,0.0,
2010-04-11,,,0.0,
2010-04-12,,,0.0,
2010-04-13,,,0.0,
2010-04-14,,,0.0,
2010-04-15,,,0.0,
2010-04-16,,,0.0,
2010-04-17,,,0.0,
2010-04-18,,,0.0,
2010-04-19,,,0.0,
2010-04-20,,,0.0,
2010-04-21,,,0.0,
2010-04-22,,,0.0,
2010-04-23,,,0.0,
2010-04-24,,,0.0,
2010-04-25,,,0.0,
2010-04-26,,,0.0,
2010-04-27,,,0.0,
2010-04-28,,,0.0,
2010-04-29,,,0.0,
2010-04-30,,,0.0,
2010-05-01,,,0.0,
2010-05-02,,,0.0,
2010-05-03,,,0.0,
2010-05-04,,,0.0,
2010-05-05,,,0.0,
2010-05-06,,,0.0,
2010-05-07,,,0.0,
2010-05-08,,,0.0,
2010-05-09,,,0.0,
2010-05-10,,,0.0,
2010-05-11,,,0.0,
2010-05-12,,,0.0,
2010-05-13,,,0.0,
2010-05-14,,,0.0,
2010-05-15,,,0.0,
2010-05-16,,,0.0,
2010-05-17,,,0.0,
2010-05-18,,,0.0,
2010-05-19,,,0.0,
2010-05-20,,,0.0,
2010-05-21,,,0.0,
2010-05-22,,,0.0,
2010-05-23,,,0.0,
2010-05-24,,,0.0,
2010-05-25,,,0.0,
2010-05-26,,,0.0,
2010-05-27,,,0.0,
2010-05-28,,,0.0,
2010-05-29,,,0.0,
2010-05-30,,,0.0,
2010-05-31,,,0.0,
2010-06-01,,,0.0,
2010-06-02,,,0.0,
2010-06-03,,,0.0,
2010-06-04,,,0.0,
2010-06-05,,,0.0,
2010-06-06,,,0.0,
2010-06-07,,,0.0,
2010-06-08,,,0.0,
2010-06-09,,,0.0,
2010-06-10,,,0.0,
2010-06-11,,,0.0,
2010-06-12,1.0,,0.0,
2010-06-13,,,0.0,
2010-06-14,,,0.0,
2010-06-15,,,0.0,
2010-06-16,,,0.0,
2010-06-17,,,0.0,
2010-06-18,,,0.0,
2010-06-19,,,0.0,
2010-06-20,,,0.0,
2010-06-21,,,0.0,
2010-06-22,,,0.0,
2010-06-23,,,0.0,
2010-06-24,,,0.0,
2010-06-25,,,0.0,
2010-06-26,,,0.0,
2010-06-27,,,0.0,
2010-06-28,,,0.0,
2010-06-29,,,0.0,
2010-06-30,,,0.0,
2010-07-01,,,0.0,
2010-07-02,,,0.0,
2010-07-03,,,0.0,
2010-07-04,,,0.0,
2010-07-05,,,0.0,
2010-07-06,,,0.0,
2010-07-07,,,0.0,
2010-07-08,,,0.0,
2010-07-09,,,0.0,
2010-07-10,,,0.0,
2010-07-11,,,0.0,
2010-07-12,2.0,,0.0,
2010-07-13,,,0.0,
2010-07-14,,,0.0,
2010-07-15,1.0,,0.0,
2010-07-16,,,0.0,
2010-07-17,,,0.0,
2010-07-18,,,0.0,
2010-07-19,1.0,,0.0,
2010-07-20,1.0,,0.0,
2010-07-21,,,0.0,
2010-07-22,,,0.0,
2010-07-23,,,0.0,
2010-07-24,,,0.0,
2010-07-25,,,0.0,
2010-07-26,,,0.0,
2010-07-27,,,0.0,
2010-07-28,,,0.0,
2010-07-29,,,0.0,
2010-07-30,,,0.0,
2010-07-31,,,0.0,
2010-08-01,,,0.0,
2010-08-02,,,0.0,
2010-08-03,,,0.0,
2010-08-04,,,0.0,
2010-08-05,,,0.0,
2010-08-06,,,0.0,
2010-08-07,,,0.0,
2010-08-08,,,0.0,
2010-08-09,,,0.0,
2010-08-10,,,0.0,
2010-08-11,,,0.0,
2010-08-12,,,0.0,
2010-08-13,,,0.0,
2010-08-14,,,0.0,
2010-08-15,,,0.0,
2010-08-16,1.0,,0.0,
2010-08-17,,,0.08,
2010-08-18,,,0.07,
2010-08-19,,,0.07,
2010-08-20,,,0.07,
2010-08-21,,,0.07,
2010-08-22,,,0.07,
2010-08-23,,,0.07,
2010-08-24,,,0.07,
2010-08-25,,,0.07,
2010-08-26,,,0.07,
2010-08-27,2.0,,0.06,
2010-08-28,,,0.06,
2010-08-29,,,0.06,
2010-08-30,1.0,,0.07,
2010-08-31,,,0.06,
2010-09-01,,,0.06,
2010-09-02,,,0.06,
2010-09-03,,,0.06,
2010-09-04,,,0.06,
2010-09-05,,,0.06,
2010-09-06,,,0.06,
2010-09-07,,,0.06,
2010-09-08,1.0,,0.06,
2010-09-09,,,0.06,
2010-09-10,,,0.06,
2010-09-11,,,0.06,
2010-09-12,,,0.06,
2010-09-13,,,0.06,
2010-09-14,,,0.06,
2010-09-15,,,0.18,
2010-09-16,,,0.06,
2010-09-17,,,0.06,
2010-09-18,,,0.06,
2010-09-19,,,0.06,
2010-09-20,,,0.06,
2010-09-21,,,0.06,
2010-09-22,,,0.06,
2010-09-23,,,0.06,
2010-09-24,,,0.06,
2010-09-25,,,0.06,
2010-09-26,,,0.06,
2010-09-27,,,0.06,
2010-09-28,,,0.06,
2010-09-29,,,0.06,
2010-09-30,,,0.06,
2010-10-01,,,0.06,
2010-10-02,,,0.06,
2010-10-03,,,0.06,
2010-10-04,,,0.06,
2010-10-05,,,0.06,
2010-10-06,,,0.06,
2010-10-07,,,0.06,
2010-10-08,,,0.09,
2010-10-09,,,0.12,
2010-10-10,,,0.12,
2010-10-11,,,0.13,
2010-10-12,,,0.1,
2010-10-13,,,0.1,
2010-10-14,,,0.1,
2010-10-15,,,0.12,
2010-10-16,,,0.11,
2010-10-17,,,0.1,
2010-10-18,2.0,,0.1,
2010-10-19,,,0.1,
2010-10-20,,,0.1,
2010-10-21,,,0.11,
2010-10-22,,,0.11,
2010-10-23,,,0.11,
2010-10-24,,,0.19,
2010-10-25,,,0.15,
2010-10-26,,,0.19,
2010-10-27,,,0.19,
2010-10-28,,,0.19,
2010-10-29,,,0.19,
2010-10-30,,,0.19,
2010-10-31,,,0.2,
2010-11-01,,,0.2,
2010-11-02,,,0.2,
2010-11-03,,,0.28,
2010-11-04,,,0.24,
2010-11-05,,,0.24,
2010-11-06,,,0.29,
2010-11-07,,1.0,0.5,
2010-11-08,,,0.37,
2010-11-09,,,0.34,
2010-11-10,1.0,,0.27,
2010-11-11,1.0,,0.24,
2010-11-12,,,0.25,
2010-11-13,,,0.3,
2010-11-14,,,0.3,
2010-11-15,,,0.28,
2010-11-16,1.0,,0.28,
2010-11-17,1.0,,0.28,
2010-11-18,1.0,,0.29,
2010-11-19,,,0.28,
2010-11-20,,,0.29,
2010-11-21,2.0,,0.29,
2010-11-22,,,0.28,
2010-11-23,1.0,,0.29,
2010-11-24,1.0,,0.28,
2010-11-25,1.0,,0.28,
2010-11-26,,,0.29,
2010-11-27,1.0,,0.28,
2010-11-28,,,0.28,
2010-11-29,,,0.28,
2010-11-30,1.0,1.0,0.28,0.5
2010-12-01,,,0.22,
2010-12-02,2.0,,0.25,
2010-12-03,,,0.26,
2010-12-04,,,0.26,
2010-12-05,,,0.24,
2010-12-06,,,0.22,
2010-12-07,2.0,,0.23,
2010-12-08,,,0.25,
2010-12-09,,,0.24,
2010-12-10,,,0.2,
2010-12-11,4.0,,0.23,
2010-12-12,1.0,,0.23,
2010-12-13,3.0,,0.23,
2010-12-14,,,0.23,
2010-12-15,,,0.25,
2010-12-16,,,0.25,
2010-12-17,,,0.26,
2010-12-18,1.0,,0.25,
2010-12-19,2.0,,0.25,
2010-12-20,2.0,,0.28,
2010-12-21,,,0.27,
2010-12-22,,,0.27,
2010-12-23,,,0.25,
2010-12-24,,,0.25,
2010-12-25,1.0,,0.25,
2010-12-26,,,0.27,
2010-12-27,,,0.26,
2010-12-28,1.0,,0.28,
2010-12-29,2.0,,0.3,
2010-12-30,,1.0,0.3,
2010-12-31,,,0.3,
2011-01-01,1.0,,0.3,
2011-01-02,,,0.3,
2011-01-03,1.0,,0.3,
2011-01-04,1.0,,0.3,
2011-01-05,,,0.3,
2011-01-06,1.0,,0.3,
2011-01-07,,,0.32,
2011-01-08,1.0,,0.32,
2011-01-09,,,0.32,
2011-01-10,1.0,,0.33,
2011-01-11,,,0.33,
2011-01-12,,,0.35,
2011-01-13,1.0,,0.4,
2011-01-14,1.0,,0.45,
2011-01-15,,,0.4,
2011-01-16,,,0.4,
2011-01-17,,,0.4,
2011-01-18,,,0.39,
2011-01-19,,,0.34,
2011-01-20,,,0.37,
2011-01-21,1.0,,0.44,
2011-01-22,1.0,,0.43,
2011-01-23,,,0.44,
2011-01-24,,,0.44,
2011-01-25,,,0.42,
2011-01-26,1.0,,0.42,
2011-01-27,,,0.42,
2011-01-28,,,0.45,
2011-01-29,,,0.45,
2011-01-30,,,0.48,
2011-01-31,,,0.5,
2011-02-01,,,0.95,
2011-02-02,,,0.84,
2011-02-03,,,0.75,
2011-02-04,,,0.88,
2011-02-05,2.0,,0.92,
2011-02-06,,,0.92,
2011-02-07,,,0.91,
2011-02-08,,,0.9,
2011-02-09,3.0,,0.94,
2011-02-10,5.0,1.0,1.1,0.83
2011-02-11,1.0,,1.01,
2011-02-12,4.0,,1.09,
2011-02-13,1.0,,1.08,
2011-02-14,7.0,,1.08,
2011-02-15,,,1.08,
2011-02-16,1.0,,1.05,
2011-02-17,2.0,,1.05,
2011-02-18,2.0,,1.05,
2011-02-19,1.0,,1.02,
2011-02-20,,,0.95,
2011-02-21,,,0.88,
2011-02-22,,1.0,0.87,
2011-02-23,1.0,,0.95,
2011-02-24,1.0,,0.95,
2011-02-25,1.0,,1.0,
2011-02-26,,,0.99,
2011-02-27,1.0,,0.96,
2011-02-28,,,0.95,
2011-03-01,,,0.97,
2011-03-02,4.0,,0.95,
2011-03-03,,,0.94,
2011-03-04,1.0,,0.94,
2011-03-05,,,0.92,
2011-03-06,,1.0,0.91,
2011-03-07,,,0.91,
2011-03-08,2.0,2.0,0.91,0.5
2011-03-09,,,0.88,
2011-03-10,1.0,,0.87,
2011-03-11,1.0,,0.93,
2011-03-12,,,0.92,
2011-03-13,,,0.92,
2011-03-14,2.0,,0.9,
2011-03-15,,1.0,0.9,
2011-03-16,1.0,,0.89,
2011-03-17,,,0.88,
2011-03-18,,,0.85,
2011-03-19,1.0,,0.82,
2011-03-20,,,0.79,
2011-03-21,,,0.79,
2011-03-22,3.0,,0.8,
2011-03-23,3.0,,0.85,
2011-03-24,1.0,,0.9,
2011-03-25,1.0,,0.89,
2011-03-26,1.0,,0.9,
2011-03-27,,,0.9,
2011-03-28,1.0,,0.86,
2011-03-29,,,0.8,
2011-03-30,2.0,,0.8,
2011-03-31,,,0.8,
2011-04-01,3.0,,0.8,
2011-04-02,1.0,,0.8,
2011-04-03,1.0,,0.8,
2011-04-04,1.0,1.0,0.79,0.5
2011-04-05,1.0,,0.71,
2011-04-06,5.0,,0.75,
2011-04-07,1.0,,0.77,
2011-04-08,3.0,,0.8,
2011-04-09,1.0,,0.77,
2011-04-10,1.0,,0.76,
2011-04-11,1.0,,0.78,
2011-04-12,1.0,,0.9,
2011-04-13,1.0,,1.0,
2011-04-14,1.0,1.0,0.94,0.5
2011-04-15,3.0,,1.09,
2011-04-16,4.0,,1.1,
2011-04-17,,,1.08,
2011-04-18,3.0,,1.2,
2011-04-19,6.0,,1.19,
2011-04-20,3.0,,1.2,
2011-04-21,2.0,,1.2,
2011-04-22,5.0,,1.33,
2011-04-23,2.0,,1.55,
2011-04-24,3.0,,1.95,
2011-04-25,2.0,,1.7,
2011-04-26,3.0,,1.73,
2011-04-27,5.0,,1.95,
2011-04-28,6.0,,2.65,
2011-04-29,6.0,,2.7,
2011-04-30,7.0,,4.15,
2011-05-01,2.0,1.0,4.09,0.67
2011-05-02,1.0,1.0,3.5,0.5
2011-05-03,3.0,,3.49,
2011-05-04,2.0,,3.58,
2011-05-05,5.0,,3.5,
2011-05-06,2.0,,3.6,
2011-05-07,1.0,,3.7,
2011-05-08,4.0,,3.9,
2011-05-09,7.0,1.0,3.94,0.88
2011-05-10,6.0,,5.2,
2011-05-11,6.0,,6.06,
2011-05-12,8.0,,5.95,
2011-05-13,11.0,1.0,8.45,0.92
2011-05-14,1.0,,8.9,
2011-05-15,3.0,,8.55,
2011-05-16,25.0,2.0,8.5,0.93
2011-05-17,29.0,3.0,8.39,0.91
2011-05-18,9.0,,7.87,
2011-05-19,9.0,,7.34,
2011-05-20,11.0,1.0,7.1,0.92
2011-05-21,9.0,,6.6,
2011-05-22,8.0,,6.61,
2011-05-23,10.0,2.0,7.45,0.83
2011-05-24,11.0,1.0,7.2,0.92
2011-05-25,10.0,,7.51,
2011-05-26,9.0,1.0,9.33,0.9
2011-05-27,10.0,,8.92,
2011-05-28,7.0,,8.74,
2011-05-29,6.0,2.0,8.5,0.75
2011-05-30,7.0,,9.0,
2011-05-31,17.0,1.0,9.5,0.94
2011-06-01,24.0,1.0,9.39,0.96
2011-06-02,23.0,2.0,10.57,0.92
2011-06-03,30.0,5.0,14.3,0.86
2011-06-04,12.0,1.0,17.41,0.92
2011-06-05,16.0,,19.0,
2011-06-06,25.0,,19.23,
2011-06-07,15.0,3.0,19.06,0.83
2011-06-08,30.0,3.0,31.91,0.91
2011-06-09,28.0,4.0,31.5,0.88
2011-06-10,17.0,1.0,35.0,0.94
2011-06-11,21.0,1.0,30.0,0.95
2011-06-12,30.0,3.0,24.99,0.91
2011-06-13,13.0,,24.5,
2011-06-14,19.0,3.0,20.99,0.86
2011-06-15,26.0,1.0,20.0,0.96
2011-06-16,30.0,8.0,19.96,0.79
2011-06-17,18.0,3.0,19.39,0.86
2011-06-18,12.0,1.0,17.2,0.92
2011-06-19,23.0,4.0,18.88,0.85
2011-06-20,20.0,8.0,17.35,0.71
2011-06-21,28.0,4.0,15.5,0.88
2011-06-22,19.0,3.0,15.05,0.86
2011-06-23,13.0,3.0,16.0,0.81
2011-06-24,4.0,1.0,16.75,0.8
2011-06-25,3.0,1.0,17.6,0.75
2011-06-26,11.0,1.0,17.51,0.92
2011-06-27,8.0,1.0,18.0,0.89
2011-06-28,11.0,,17.52,
2011-06-29,4.0,1.0,17.3,0.8
2011-06-30,14.0,1.0,17.5,0.93
2011-07-01,7.0,1.0,17.0,0.88
2011-07-02,4.0,,16.49,
2011-07-03,1.0,,15.7,
2011-07-04,1.0,,15.85,
2011-07-05,10.0,2.0,15.0,0.83
2011-07-06,9.0,,16.5,
2011-07-07,13.0,,16.25,
2011-07-08,5.0,1.0,15.64,0.83
2011-07-09,1.0,,15.0,
2011-07-10,9.0,,15.68,
2011-07-11,7.0,1.0,15.2,0.88
2011-07-12,5.0,2.0,14.64,0.71
2011-07-13,9.0,,14.15,
2011-07-14,7.0,,14.1,
2011-07-15,7.0,,14.3,
2011-07-16,2.0,,14.1,
2011-07-17,1.0,2.0,13.96,0.33
2011-07-18,7.0,,13.69,
2011-07-19,1.0,1.0,14.7,0.5
2011-07-20,4.0,,14.04,
2011-07-21,2.0,,13.94,
2011-07-22,4.0,,13.94,
2011-07-23,3.0,,13.92,
2011-07-24,2.0,,13.98,
2011-07-25,6.0,,14.74,
2011-07-26,5.0,,14.4,
2011-07-27,7.0,1.0,14.13,0.88
2011-07-28,5.0,1.0,14.0,0.83
2011-07-29,2.0,,13.8,
2011-07-30,1.0,,13.8,
2011-07-31,1.0,1.0,14.9,0.5
2011-08-01,4.0,1.0,13.55,0.8
2011-08-02,9.0,1.0,13.45,0.9
2011-08-03,2.0,1.0,13.1,0.67
2011-08-04,4.0,1.0,11.49,0.8
2011-08-05,2.0,1.0,11.55,0.67
2011-08-06,6.0,,11.0,
2011-08-07,1.0,,9.8,
2011-08-08,5.0,4.0,8.89,0.56
2011-08-09,1.0,,12.1,
2011-08-10,6.0,,10.7,
2011-08-11,4.0,1.0,10.5,0.8
2011-08-12,3.0,1.0,9.9,0.75
2011-08-13,2.0,,10.05,
2011-08-14,4.0,,11.24,
2011-08-15,3.0,,11.89,
2011-08-16,2.0,1.0,11.38,0.67
2011-08-17,5.0,,11.3,
2011-08-18,2.0,2.0,11.67,0.5
2011-08-19,7.0,1.0,11.81,0.88
2011-08-20,4.0,,11.8,
2011-08-21,2.0,,11.59,
2011-08-22,4.0,1.0,11.5,0.8
2011-08-23,2.0,,11.49,
2011-08-24,6.0,,11.4,
2011-08-25,2.0,,10.97,
2011-08-26,,,10.3,
2011-08-27,3.0,,9.11,
2011-08-28,3.0,,9.48,
2011-08-29,7.0,,9.48,
2011-08-30,2.0,,9.15,
2011-08-31,1.0,,9.0,
2011-09-01,2.0,1.0,8.45,0.67
2011-09-02,,,8.5,
2011-09-03,2.0,,8.71,
2011-09-04,2.0,,8.59,
2011-09-05,2.0,,8.47,
2011-09-06,5.0,,7.66,
2011-09-07,2.0,,7.6,
2011-09-08,3.0,1.0,7.32,0.75
2011-09-09,4.0,5.0,6.94,0.44
2011-09-10,5.0,,6.21,
2011-09-11,5.0,2.0,7.4,0.71
2011-09-12,4.0,,7.08,
2011-09-13,2.0,,6.25,
2011-09-14,,1.0,5.99,
2011-09-15,,,5.69,
2011-09-16,3.0,,5.23,
2011-09-17,,,5.02,
2011-09-18,3.0,,5.0,
2011-09-19,3.0,1.0,5.6,0.75
2011-09-20,4.0,1.0,6.8,0.8
2011-09-21,,,6.29,
2011-09-22,1.0,,5.83,
2011-09-23,1.0,,5.71,
2011-09-24,2.0,1.0,5.66,0.67
2011-09-25,2.0,,5.5,
2011-09-26,,,5.46,
2011-09-27,,,5.13,
2011-09-28,1.0,,4.99,
2011-09-29,1.0,1.0,4.81,0.5
2011-09-30,2.0,,5.35,
2011-10-01,3.0,,5.3,
2011-10-02,4.0,,5.16,
2011-10-03,,,5.08,
2011-10-04,2.0,,5.03,
2011-10-05,,,5.03,
2011-10-06,,,4.93,
2011-10-07,,,4.85,
2011-10-08,3.0,,4.59,
2011-10-09,,,4.39,
2011-10-10,2.0,,4.26,
2011-10-11,2.0,1.0,4.14,0.67
2011-10-12,2.0,1.0,4.21,0.67
2011-10-13,1.0,,4.45,
2011-10-14,1.0,,4.11,
2011-10-15,,,4.05,
2011-10-16,2.0,,3.9,
2011-10-17,5.0,,3.76,
2011-10-18,8.0,,2.9,
2011-10-19,3.0,,2.65,
2011-10-20,3.0,1.0,2.42,0.75
2011-10-21,1.0,1.0,2.72,0.5
2011-10-22,2.0,,3.3,
2011-10-23,1.0,1.0,3.36,0.5
2011-10-24,1.0,,3.2,
2011-10-25,3.0,,3.04,
2011-10-26,1.0,,2.88,
2011-10-27,2.0,1.0,3.05,0.67
2011-10-28,1.0,,3.26,
2011-10-29,3.0,1.0,3.83,0.75
2011-10-30,1.0,,3.65,
2011-10-31,,,3.39,
2011-11-01,3.0,,3.35,
2011-11-02,1.0,,3.44,
2011-11-03,3.0,,3.3,
2011-11-04,,,3.22,
2011-11-05,2.0,,3.21,
2011-11-06,,,3.05,
2011-11-07,1.0,,3.03,
2011-11-08,3.0,,3.21,
2011-11-09,1.0,,3.11,
2011-11-10,2.0,,3.0,
2011-11-11,1.0,,3.0,
2011-11-12,1.0,,3.11,
2011-11-13,2.0,,3.1,
2011-11-14,2.0,,3.03,
2011-11-15,4.0,3.0,2.69,0.57
2011-11-16,2.0,,2.6,
2011-11-17,2.0,,2.6,
2011-11-18,1.0,,2.39,
2011-11-19,2.0,,2.3,
2011-11-20,,1.0,2.5,
2011-11-21,,,2.29,
2011-11-22,1.0,1.0,2.35,0.5
2011-11-23,2.0,,2.38,
2011-11-24,2.0,1.0,2.46,0.67
2011-11-25,,,2.56,
2011-11-26,4.0,,2.53,
2011-11-27,4.0,,2.5,
2011-11-28,9.0,,2.54,
2011-11-29,1.0,1.0,2.98,0.5
2011-11-30,3.0,,2.96,
2011-12-01,3.0,,3.14,
2011-12-02,3.0,,3.14,
2011-12-03,1.0,,3.13,
2011-12-04,1.0,1.0,2.99,0.5
2011-12-05,1.0,1.0,2.93,0.5
2011-12-06,2.0,1.0,3.05,0.67
2011-12-07,3.0,,3.08,
2011-12-08,2.0,1.0,3.1,0.67
2011-12-09,1.0,,3.04,
2011-12-10,,,3.04,
2011-12-11,6.0,1.0,3.38,0.86
2011-12-12,3.0,,3.34,
2011-12-13,,,3.3,
2011-12-14,2.0,,3.28,
2011-12-15,2.0,,3.19,
2011-12-16,2.0,,3.23,
2011-12-17,3.0,,3.23,
2011-12-18,,,3.25,
2011-12-19,3.0,,3.7,
2011-12-20,2.0,,4.5,
2011-12-21,1.0,,4.11,
2011-12-22,2.0,,3.99,
2011-12-23,,,3.95,
2011-12-24,,,3.95,
2011-12-25,,,4.39,
2011-12-26,4.0,,4.31,
2011-12-27,,,4.06,
2011-12-28,2.0,,4.19,
2011-12-29,1.0,,4.33,
2011-12-30,3.0,,4.3,
2011-12-31,,,5.0,
2012-01-01,3.0,,5.2,
2012-01-02,2.0,1.0,5.5,0.67
2012-01-03,3.0,,5.29,
2012-01-04,6.0,,5.61,
2012-01-05,4.0,1.0,6.4,0.8
2012-01-06,4.0,1.0,7.22,0.8
2012-01-07,,,7.02,
2012-01-08,,,7.2,
2012-01-09,4.0,,7.2,
2012-01-10,6.0,,6.89,
2012-01-11,4.0,,7.14,
2012-01-12,2.0,,7.0,
2012-01-13,2.0,,6.86,
2012-01-14,4.0,,6.75,
2012-01-15,1.0,,6.99,
2012-01-16,5.0,1.0,7.19,0.83
2012-01-17,2.0,,6.98,
2012-01-18,,1.0,6.95,
2012-01-19,4.0,1.0,6.3,0.8
2012-01-20,3.0,,6.58,
2012-01-21,4.0,1.0,6.55,0.8
2012-01-22,5.0,,6.39,
2012-01-23,,,6.45,
2012-01-24,5.0,,6.52,
2012-01-25,,,6.45,
2012-01-26,1.0,1.0,6.2,0.5
2012-01-27,6.0,1.0,5.69,0.86
2012-01-28,5.0,,5.75,
2012-01-29,3.0,,5.76,
2012-01-30,3.0,1.0,5.6,0.75
2012-01-31,5.0,,5.65,
2012-02-01,2.0,,5.64,
2012-02-02,3.0,,6.2,
2012-02-03,4.0,1.0,6.15,0.8
2012-02-04,1.0,,6.0,
2012-02-05,1.0,,5.96,
2012-02-06,,2.0,5.79,
2012-02-07,4.0,,5.71,
2012-02-08,,,5.85,
2012-02-09,3.0,,5.8,
2012-02-10,5.0,,5.93,
2012-02-11,1.0,,6.0,
2012-02-12,2.0,,5.85,
2012-02-13,1.0,,5.72,
2012-02-14,4.0,1.0,5.6,0.8
2012-02-15,6.0,1.0,4.88,0.86
2012-02-16,4.0,,4.73,
2012-02-17,1.0,,4.77,
2012-02-18,,,4.5,
2012-02-19,1.0,3.0,4.33,0.25
2012-02-20,3.0,,4.52,
2012-02-21,1.0,,4.44,
2012-02-22,2.0,,4.54,
2012-02-23,3.0,,4.92,
2012-02-24,4.0,1.0,5.2,0.8
2012-02-25,2.0,,5.07,
2012-02-26,,,5.0,
2012-02-27,3.0,,5.1,
2012-02-28,1.0,,5.0,
2012-02-29,4.0,,4.9,
2012-03-01,4.0,,4.98,
2012-03-02,5.0,,4.99,
2012-03-03,4.0,,4.78,
2012-03-04,4.0,,4.9,
2012-03-05,2.0,,5.04,
2012-03-06,5.0,,5.05,
2012-03-07,2.0,,5.07,
2012-03-08,2.0,,5.0,
2012-03-09,,,4.95,
2012-03-10,2.0,,4.94,
2012-03-11,,,4.99,
2012-03-12,4.0,,4.96,
2012-03-13,2.0,,5.41,
2012-03-14,1.0,,5.44,
2012-03-15,2.0,,5.45,
2012-03-16,2.0,,5.4,
2012-03-17,1.0,,5.4,
2012-03-18,1.0,,5.38,
2012-03-19,3.0,1.0,5.31,0.75
2012-03-20,1.0,1.0,4.98,0.5
2012-03-21,1.0,,4.87,
2012-03-22,3.0,,4.88,
2012-03-23,2.0,,4.83,
2012-03-24,1.0,,4.75,
2012-03-25,1.0,1.0,4.68,0.5
2012-03-26,4.0,,4.74,
2012-03-27,1.0,,4.74,
2012-03-28,2.0,1.0,4.85,0.67
2012-03-29,2.0,,4.86,
2012-03-30,2.0,,4.83,
2012-03-31,1.0,,4.95,
2012-04-01,3.0,,4.93,
2012-04-02,6.0,,5.08,
2012-04-03,3.0,,5.01,
2012-04-04,1.0,,4.97,
2012-04-05,2.0,,4.94,
2012-04-06,2.0,,4.96,
2012-04-07,1.0,,4.98,
2012-04-08,1.0,,4.8,
2012-04-09,3.0,,4.8,
2012-04-10,2.0,1.0,4.9,0.67
2012-04-11,1.0,,4.89,
2012-04-12,3.0,,4.98,
2012-04-13,2.0,1.0,4.94,0.67
2012-04-14,1.0,,5.03,
2012-04-15,5.0,,4.98,
2012-04-16,5.0,1.0,4.98,0.83
2012-04-17,2.0,,5.02,
2012-04-18,1.0,,5.18,
2012-04-19,,,5.19,
2012-04-20,3.0,,5.17,
2012-04-21,2.0,1.0,5.48,0.67
2012-04-22,5.0,,5.33,
2012-04-23,,1.0,5.22,
2012-04-24,,1.0,5.2,
2012-04-25,4.0,1.0,5.16,0.8
2012-04-26,5.0,,5.18,
2012-04-27,5.0,,5.14,
2012-04-28,3.0,,5.12,
2012-04-29,,,5.02,
2012-04-30,1.0,,5.0,
2012-05-01,2.0,1.0,5.0,0.67
2012-05-02,4.0,2.0,5.18,0.67
2012-05-03,2.0,1.0,5.18,0.67
2012-05-04,,,5.15,
2012-05-05,,,5.15,
2012-05-06,3.0,1.0,5.1,0.75
2012-05-07,3.0,,5.09,
2012-05-08,3.0,,5.1,
2012-05-09,3.0,,5.1,
2012-05-10,6.0,,5.12,
2012-05-11,2.0,,5.03,
2012-05-12,1.0,,5.0,
2012-05-13,4.0,,5.0,
2012-05-14,5.0,,5.04,
2012-05-15,1.0,,5.09,
2012-05-16,3.0,,5.09,
2012-05-17,2.0,1.0,5.13,0.67
2012-05-18,2.0,1.0,5.13,0.67
2012-05-19,,,5.14,
2012-05-20,2.0,,5.15,
2012-05-21,2.0,1.0,5.15,0.67
2012-05-22,1.0,,5.12,
2012-05-23,2.0,,5.16,
2012-05-24,2.0,,5.23,
2012-05-25,1.0,,5.15,
2012-05-26,2.0,,5.15,
2012-05-27,2.0,,5.15,
2012-05-28,2.0,1.0,5.16,0.67
2012-05-29,1.0,,5.16,
2012-05-30,2.0,1.0,5.17,0.67
2012-05-31,,,5.19,
2012-06-01,6.0,,5.27,
2012-06-02,,,5.28,
2012-06-03,1.0,,5.26,
2012-06-04,3.0,,5.28,
2012-06-05,2.0,,5.5,
2012-06-06,,,5.47,
2012-06-07,2.0,1.0,5.53,0.67
2012-06-08,3.0,1.0,5.66,0.75
2012-06-09,4.0,,5.7,
2012-06-10,1.0,,5.62,
2012-06-11,3.0,,5.55,
2012-06-12,5.0,1.0,5.7,0.83
2012-06-13,3.0,,5.96,
2012-06-14,3.0,,5.95,
2012-06-15,4.0,1.0,6.16,0.8
2012-06-16,5.0,1.0,6.6,0.83
2012-06-17,4.0,,6.53,
2012-06-18,4.0,1.0,6.47,0.8
2012-06-19,8.0,,6.53,
2012-06-20,3.0,,6.65,
2012-06-21,3.0,,6.8,
2012-06-22,2.0,,6.8,
2012-06-23,1.0,,6.65,
2012-06-24,2.0,,6.59,
2012-06-25,8.0,,6.45,
2012-06-26,2.0,,6.45,
2012-06-27,1.0,,6.56,
2012-06-28,2.0,,6.67,
2012-06-29,5.0,,6.66,
2012-06-30,2.0,,6.69,
2012-07-01,1.0,,6.69,
2012-07-02,1.0,,6.75,
2012-07-03,4.0,,6.76,
2012-07-04,,1.0,6.55,
2012-07-05,1.0,,6.77,
2012-07-06,1.0,,6.73,
2012-07-07,1.0,,6.75,
2012-07-08,1.0,1.0,6.87,0.5
2012-07-09,4.0,,6.9,
2012-07-10,6.0,1.0,7.24,0.86
2012-07-11,4.0,1.0,7.26,0.8
2012-07-12,1.0,,7.32,
2012-07-13,2.0,2.0,7.9,0.5
2012-07-14,4.0,,7.69,
2012-07-15,1.0,,7.65,
2012-07-16,1.0,1.0,8.29,0.5
2012-07-17,2.0,1.0,9.49,0.67
2012-07-18,3.0,1.0,9.4,0.75
2012-07-19,,,9.27,
2012-07-20,2.0,1.0,9.23,0.67
2012-07-21,1.0,,9.7,
2012-07-22,3.0,,9.0,
2012-07-23,2.0,,9.2,
2012-07-24,1.0,,8.96,
2012-07-25,1.0,,8.77,
2012-07-26,5.0,,8.9,
2012-07-27,4.0,,8.95,
2012-07-28,1.0,,8.93,
2012-07-29,5.0,,8.89,
2012-07-30,2.0,,9.15,
2012-07-31,7.0,1.0,9.44,0.88
2012-08-01,2.0,1.0,9.54,0.67
2012-08-02,4.0,,9.8,
2012-08-03,6.0,,11.12,
2012-08-04,2.0,,11.3,
2012-08-05,1.0,,11.19,
2012-08-06,1.0,,11.29,
2012-08-07,2.0,,11.04,
2012-08-08,2.0,1.0,11.15,0.67
2012-08-09,3.0,,12.0,
2012-08-10,4.0,1.0,11.6,0.8
2012-08-11,3.0,1.0,11.6,0.75
2012-08-12,1.0,,11.76,
2012-08-13,1.0,1.0,11.87,0.5
2012-08-14,6.0,,12.18,
2012-08-15,4.0,1.0,12.67,0.8
2012-08-16,4.0,1.0,13.84,0.8
2012-08-17,7.0,,15.4,
2012-08-18,4.0,,15.26,
2012-08-19,4.0,,12.0,
2012-08-20,2.0,1.0,10.5,0.67
2012-08-21,3.0,1.0,10.3,0.75
2012-08-22,1.0,1.0,10.26,0.5
2012-08-23,6.0,1.0,10.25,0.86
2012-08-24,1.0,,10.25,
2012-08-25,3.0,,10.25,
2012-08-26,2.0,,10.62,
2012-08-27,3.0,,12.15,
2012-08-28,2.0,,11.38,
2012-08-29,3.0,,11.21,
2012-08-30,,,10.94,
2012-08-31,3.0,1.0,10.84,0.75
2012-09-01,3.0,,10.42,
2012-09-02,4.0,,10.19,
2012-09-03,3.0,1.0,10.5,0.75
2012-09-04,4.0,,10.59,
2012-09-05,5.0,2.0,10.58,0.71
2012-09-06,7.0,3.0,11.17,0.7
2012-09-07,5.0,1.0,11.29,0.83
2012-09-08,3.0,,11.21,
2012-09-09,1.0,,11.14,
2012-09-10,,1.0,11.13,
2012-09-11,4.0,,11.19,
2012-09-12,3.0,,11.38,
2012-09-13,3.0,,11.4,
2012-09-14,3.0,1.0,11.75,0.75
2012-09-15,4.0,,11.8,
2012-09-16,5.0,,11.99,
2012-09-17,4.0,1.0,11.96,0.8
2012-09-18,4.0,,12.09,
2012-09-19,2.0,,12.61,
2012-09-20,4.0,,12.69,
2012-09-21,3.0,2.0,12.57,0.6
2012-09-22,4.0,3.0,12.44,0.57
2012-09-23,1.0,1.0,12.27,0.5
2012-09-24,2.0,,12.3,
2012-09-25,4.0,1.0,12.23,0.8
2012-09-26,5.0,,12.28,
2012-09-27,3.0,,12.46,
2012-09-28,4.0,,12.44,
2012-09-29,2.0,1.0,12.49,0.67
2012-09-30,2.0,,12.47,
2012-10-01,1.0,1.0,12.48,0.5
2012-10-02,6.0,1.0,12.88,0.86
2012-10-03,6.0,1.0,12.9,0.86
2012-10-04,4.0,,13.09,
2012-10-05,2.0,1.0,12.99,0.67
2012-10-06,2.0,,12.9,
2012-10-07,3.0,,12.74,
2012-10-08,4.0,,12.08,
2012-10-09,2.0,1.0,12.35,0.67
2012-10-10,2.0,1.0,12.15,0.67
2012-10-11,3.0,1.0,12.19,0.75
2012-10-12,4.0,,12.15,
2012-10-13,4.0,,12.14,
2012-10-14,2.0,,12.0,
2012-10-15,3.0,,12.03,
2012-10-16,3.0,,11.99,
2012-10-17,3.0,,11.99,
2012-10-18,1.0,,11.96,
2012-10-19,2.0,1.0,11.97,0.67
2012-10-20,,,11.85,
2012-10-21,4.0,1.0,11.8,0.8
2012-10-22,3.0,,11.81,
2012-10-23,6.0,,12.0,
2012-10-24,1.0,,11.82,
2012-10-25,1.0,,11.71,
2012-10-26,3.0,,11.1,
2012-10-27,1.0,,10.84,
2012-10-28,1.0,,10.61,
2012-10-29,2.0,,10.95,
2012-10-30,1.0,,10.85,
2012-10-31,2.0,1.0,11.14,0.67
2012-11-01,1.0,1.0,11.28,0.5
2012-11-02,1.0,,11.21,
2012-11-03,4.0,1.0,10.6,0.8
2012-11-04,1.0,,10.68,
2012-11-05,3.0,,10.9,
2012-11-06,4.0,2.0,10.89,0.67
2012-11-07,3.0,,11.22,
2012-11-08,2.0,,11.1,
2012-11-09,4.0,,11.07,
2012-11-10,2.0,,10.96,
2012-11-11,2.0,,10.94,
2012-11-12,3.0,,11.18,
2012-11-13,4.0,,11.13,
2012-11-14,4.0,,11.05,
2012-11-15,7.0,,11.11,
2012-11-16,11.0,2.0,11.8,0.85
2012-11-17,2.0,,11.8,
2012-11-18,5.0,,11.83,
2012-11-19,2.0,1.0,11.8,0.67
2012-11-20,1.0,,11.84,
2012-11-21,1.0,,11.78,
2012-11-22,2.0,,12.28,
2012-11-23,2.0,1.0,12.43,0.67
2012-11-24,3.0,,12.41,
2012-11-25,2.0,,12.6,
2012-11-26,6.0,2.0,12.65,0.75
2012-11-27,6.0,1.0,12.53,0.86
2012-11-28,10.0,1.0,12.41,0.91
2012-11-29,5.0,1.0,12.6,0.83
2012-11-30,3.0,,12.65,
2012-12-01,2.0,1.0,12.69,0.67
2012-12-02,6.0,,12.68,
2012-12-03,2.0,,12.68,
2012-12-04,6.0,4.0,12.97,0.6
2012-12-05,4.0,,13.5,
2012-12-06,1.0,,13.69,
2012-12-07,3.0,,13.68,
2012-12-08,6.0,,13.55,
2012-12-09,5.0,2.0,13.53,0.71
2012-12-10,8.0,,13.55,
2012-12-11,6.0,,13.64,
2012-12-12,3.0,,13.64,
2012-12-13,5.0,,13.8,
2012-12-14,3.0,,13.9,
2012-12-15,2.0,1.0,13.77,0.67
2012-12-16,5.0,,13.67,
2012-12-17,2.0,,13.5,
2012-12-18,,2.0,13.4,
2012-12-19,3.0,,13.4,
2012-12-20,2.0,1.0,13.72,0.67
2012-12-21,7.0,1.0,13.65,0.88
2012-12-22,4.0,,13.59,
2012-12-23,3.0,,13.49,
2012-12-24,3.0,,13.45,
2012-12-25,1.0,1.0,13.45,0.5
2012-12-26,4.0,,13.4,
2012-12-27,3.0,,13.47,
2012-12-28,3.0,,13.65,
2012-12-29,4.0,,13.67,
2012-12-30,1.0,,13.57,
2012-12-31,,,13.59,
2013-01-01,5.0,,13.56,
2013-01-02,5.0,,13.4,
2013-01-03,2.0,,13.46,
2013-01-04,10.0,,13.49,
2013-01-05,5.0,,13.55,
2013-01-06,6.0,,13.53,
2013-01-07,5.0,,13.54,
2013-01-08,17.0,,13.83,
2013-01-09,4.0,,13.88,
2013-01-10,5.0,,14.32,
2013-01-11,2.0,1.0,14.3,0.67
2013-01-12,4.0,,14.35,
2013-01-13,4.0,,14.31,
2013-01-14,9.0,,14.3,
2013-01-15,5.0,2.0,14.48,0.71
2013-01-16,7.0,,14.69,
2013-01-17,2.0,,15.39,
2013-01-18,5.0,,15.98,
2013-01-19,7.0,1.0,15.84,0.88
2013-01-20,5.0,,15.89,
2013-01-21,7.0,1.0,16.98,0.88
2013-01-22,11.0,,17.59,
2013-01-23,3.0,,17.59,
2013-01-24,14.0,,19.19,
2013-01-25,7.0,2.0,18.83,0.78
2013-01-26,2.0,,17.62,
2013-01-27,5.0,,18.0,
2013-01-28,10.0,,18.45,
2013-01-29,11.0,,19.8,
2013-01-30,7.0,1.0,19.7,0.88
2013-01-31,7.0,1.0,21.43,0.88
2013-02-01,12.0,1.0,21.3,0.92
2013-02-02,6.0,1.0,21.1,0.86
2013-02-03,12.0,2.0,20.68,0.86
2013-02-04,4.0,,21.05,
2013-02-05,7.0,,20.79,
2013-02-06,9.0,1.0,21.33,0.9
2013-02-07,7.0,,22.15,
2013-02-08,3.0,,22.15,
2013-02-09,2.0,,23.7,
2013-02-10,3.0,1.0,23.61,0.75
2013-02-11,11.0,,24.2,
2013-02-12,5.0,,25.77,
2013-02-13,5.0,,26.1,
2013-02-14,15.0,,26.53,
2013-02-15,8.0,2.0,27.0,0.8
2013-02-16,10.0,,27.07,
2013-02-17,6.0,1.0,25.61,0.86
2013-02-18,11.0,2.0,26.82,0.85
2013-02-19,17.0,,28.79,
2013-02-20,11.0,,29.81,
2013-02-21,12.0,1.0,29.8,0.92
2013-02-22,10.0,,30.9,
2013-02-23,5.0,1.0,29.28,0.83
2013-02-24,9.0,,30.3,
2013-02-25,6.0,3.0,30.25,0.67
2013-02-26,8.0,,31.18,
2013-02-27,9.0,1.0,31.4,0.9
2013-02-28,13.0,3.0,33.5,0.81
2013-03-01,12.0,1.0,34.88,0.92
2013-03-02,2.0,1.0,34.18,0.67
2013-03-03,6.0,,34.1,
2013-03-04,20.0,2.0,36.35,0.91
2013-03-05,25.0,1.0,40.04,0.96
2013-03-06,23.0,3.0,47.5,0.88
2013-03-07,14.0,2.0,42.49,0.88
2013-03-08,9.0,,42.98,
2013-03-09,10.0,,46.01,
2013-03-10,11.0,,46.5,
2013-03-11,7.0,1.0,47.74,0.88
2013-03-12,24.0,2.0,45.02,0.92
2013-03-13,14.0,1.0,46.8,0.93
2013-03-14,20.0,1.0,47.28,0.95
2013-03-15,17.0,1.0,47.25,0.94
2013-03-16,12.0,,47.11,
2013-03-17,8.0,,47.44,
2013-03-18,13.0,,47.65,
2013-03-19,18.0,2.0,57.76,0.9
2013-03-20,23.0,5.0,63.41,0.82
2013-03-21,28.0,3.0,73.8,0.9
2013-03-22,31.0,4.0,71.5,0.89
2013-03-23,18.0,3.0,63.0,0.86
2013-03-24,13.0,3.0,70.1,0.81
2013-03-25,29.0,4.0,73.89,0.88
2013-03-26,18.0,3.0,78.0,0.86
2013-03-27,44.0,9.0,88.9,0.83
2013-03-28,30.0,4.0,93.57,0.88
2013-03-29,37.0,5.0,89.05,0.88
2013-03-30,21.0,2.0,91.0,0.91
2013-03-31,28.0,3.0,92.5,0.9
2013-04-01,48.0,2.0,102.51,0.96
2013-04-02,38.0,10.0,108.73,0.79
2013-04-03,68.0,14.0,138.79,0.83
2013-04-04,56.0,11.0,132.0,0.84
2013-04-05,50.0,3.0,143.8,0.94
2013-04-06,23.0,4.0,142.5,0.85
2013-04-07,34.0,1.0,160.1,0.97
2013-04-08,46.0,11.0,184.0,0.81
2013-04-09,77.0,14.0,237.99,0.85
2013-04-10,146.0,30.0,198.0,0.83
2013-04-11,95.0,23.0,123.4,0.81
2013-04-12,76.0,15.0,76.49,0.84
2013-04-13,25.0,4.0,109.5,0.86
2013-04-14,34.0,5.0,91.0,0.87
2013-04-15,40.0,8.0,91.0,0.83
2013-04-16,37.0,6.0,91.0,0.86
2013-04-17,49.0,6.0,85.6,0.89
2013-04-18,40.0,2.0,96.5,0.95
2013-04-19,25.0,3.0,119.62,0.89
2013-04-20,14.0,,123.86,
2013-04-21,16.0,2.0,125.0,0.89
2013-04-22,16.0,2.0,123.52,0.89
2013-04-23,18.0,2.0,136.08,0.9
2013-04-24,20.0,,153.2,
2013-04-25,28.0,4.0,151.12,0.88
2013-04-26,18.0,1.0,135.6,0.95
2013-04-27,10.0,,128.0,
2013-04-28,9.0,3.0,135.99,0.75
2013-04-29,6.0,,141.5,
2013-04-30,10.0,1.0,139.11,0.91
2013-05-01,19.0,8.0,124.3,0.7
2013-05-02,20.0,,105.0,
2013-05-03,25.0,4.0,93.15,0.86
2013-05-04,10.0,1.0,111.99,0.91
2013-05-05,14.0,,117.89,
2013-05-06,8.0,,120.95,
2013-05-07,13.0,4.0,106.81,0.76
2013-05-08,11.0,2.0,113.95,0.85
2013-05-09,13.0,3.0,109.56,0.81
2013-05-10,15.0,1.0,117.68,0.94
2013-05-11,9.0,1.0,115.4,0.9
2013-05-12,7.0,,114.32,
2013-05-13,8.0,2.0,117.5,0.8
2013-05-14,15.0,3.0,119.0,0.83
2013-05-15,10.0,3.0,114.98,0.77
2013-05-16,17.0,1.0,115.09,0.94
2013-05-17,21.0,6.0,124.49,0.78
2013-05-18,12.0,4.0,123.75,0.75
2013-05-19,9.0,2.0,121.06,0.82
2013-05-20,13.0,3.0,122.65,0.81
2013-05-21,24.0,1.0,122.5,0.96
2013-05-22,9.0,3.0,122.64,0.75
2013-05-23,14.0,,125.67,
2013-05-24,17.0,1.0,131.5,0.94
2013-05-25,8.0,1.0,132.69,0.89
2013-05-26,4.0,2.0,134.05,0.67
2013-05-27,7.0,1.0,132.61,0.88
2013-05-28,15.0,2.0,128.32,0.88
2013-05-29,13.0,3.0,129.98,0.81
2013-05-30,13.0,,131.0,
2013-05-31,10.0,1.0,127.34,0.91
2013-06-01,9.0,,129.2,
2013-06-02,6.0,,120.6,
2013-06-03,14.0,1.0,120.0,0.93
2013-06-04,18.0,3.0,120.57,0.86
2013-06-05,8.0,,122.41,
2013-06-06,12.0,1.0,120.69,0.92
2013-06-07,16.0,,110.3,
2013-06-08,4.0,,107.8,
2013-06-09,8.0,5.0,98.47,0.62
2013-06-10,10.0,,104.97,
2013-06-11,8.0,2.0,108.0,0.8
2013-06-12,5.0,1.0,108.16,0.83
2013-06-13,4.0,2.0,109.0,0.67
2013-06-14,8.0,1.0,100.0,0.89
2013-06-15,5.0,2.0,101.97,0.71
2013-06-16,8.0,2.0,100.0,0.8
2013-06-17,9.0,,100.53,
2013-06-18,8.0,,107.39,
2013-06-19,5.0,2.0,107.84,0.71
2013-06-20,13.0,,111.97,
2013-06-21,12.0,1.0,111.0,0.92
2013-06-22,7.0,1.0,109.09,0.88
2013-06-23,6.0,2.0,107.68,0.75
2013-06-24,17.0,3.0,101.97,0.85
2013-06-25,6.0,6.0,103.87,0.5
2013-06-26,14.0,1.0,104.41,0.93
2013-06-27,12.0,2.0,102.79,0.86
2013-06-28,19.0,,96.63,
2013-06-29,5.0,,95.85,
2013-06-30,10.0,3.0,96.5,0.77
2013-07-01,6.0,1.0,91.0,0.86
2013-07-02,17.0,2.0,89.55,0.89
2013-07-03,6.0,3.0,82.8,0.67
2013-07-04,16.0,2.0,79.8,0.89
2013-07-05,11.0,1.0,67.86,0.92
2013-07-06,8.0,2.0,69.35,0.8
2013-07-07,9.0,2.0,70.94,0.82
2013-07-08,6.0,2.0,77.64,0.75
2013-07-09,6.0,2.0,76.33,0.75
2013-07-10,12.0,1.0,78.59,0.92
2013-07-11,8.0,3.0,87.15,0.73
2013-07-12,10.0,1.0,97.8,0.91
2013-07-13,7.0,,96.0,
2013-07-14,6.0,,94.75,
2013-07-15,4.0,5.0,98.38,0.44
2013-07-16,9.0,,97.01,
2013-07-17,11.0,1.0,97.97,0.92
2013-07-18,9.0,2.0,90.4,0.82
2013-07-19,10.0,1.0,93.41,0.91
2013-07-20,1.0,,91.88,
2013-07-21,5.0,,88.94,
2013-07-22,9.0,,91.79,
2013-07-23,6.0,,95.4,
2013-07-24,12.0,5.0,93.62,0.71
2013-07-25,11.0,1.0,96.2,0.92
2013-07-26,13.0,1.0,96.39,0.93
2013-07-27,6.0,2.0,95.2,0.75
2013-07-28,4.0,,99.0,
2013-07-29,6.0,1.0,101.04,0.86
2013-07-30,7.0,3.0,101.9,0.7
2013-07-31,13.0,1.0,104.96,0.93
2013-08-01,12.0,,104.19,
2013-08-02,8.0,1.0,105.5,0.89
2013-08-03,8.0,,103.8,
2013-08-04,6.0,5.0,104.67,0.55
2013-08-05,11.0,1.0,106.4,0.92
2013-08-06,13.0,,106.88,
2013-08-07,8.0,,105.6,
2013-08-08,7.0,,101.9,
2013-08-09,10.0,,102.3,
2013-08-10,6.0,1.0,102.62,0.86
2013-08-11,7.0,1.0,103.85,0.88
2013-08-12,8.0,3.0,104.99,0.73
2013-08-13,8.0,2.0,107.3,0.8
2013-08-14,12.0,2.0,100.03,0.86
2013-08-15,9.0,,98.28,
2013-08-16,17.0,1.0,98.51,0.94
2013-08-17,9.0,1.0,98.39,0.9
2013-08-18,6.0,1.0,99.02,0.86
2013-08-19,10.0,2.0,102.07,0.83
2013-08-20,17.0,2.0,104.59,0.89
2013-08-21,9.0,1.0,109.75,0.9
2013-08-22,15.0,1.0,111.01,0.94
2013-08-23,6.0,,107.48,
2013-08-24,12.0,1.0,108.79,0.92
2013-08-25,8.0,,112.9,
2013-08-26,11.0,2.0,111.8,0.85
2013-08-27,14.0,2.0,117.52,0.88
2013-08-28,12.0,3.0,119.25,0.8
2013-08-29,19.0,3.0,119.48,0.86
2013-08-30,14.0,,124.79,
2013-08-31,8.0,4.0,132.75,0.67
2013-09-01,4.0,,130.82,
2013-09-02,15.0,,131.03,
2013-09-03,7.0,,130.45,
2013-09-04,15.0,,126.74,
2013-09-05,12.0,1.0,124.51,0.92
2013-09-06,5.0,4.0,122.44,0.56
2013-09-07,4.0,,120.15,
2013-09-08,4.0,3.0,118.51,0.57
2013-09-09,12.0,1.0,121.66,0.92
2013-09-10,11.0,1.0,123.39,0.92
2013-09-11,13.0,3.0,124.1,0.81
2013-09-12,7.0,2.0,128.45,0.78
2013-09-13,11.0,,128.29,
2013-09-14,9.0,,124.32,
2013-09-15,6.0,2.0,125.46,0.75
2013-09-16,15.0,1.0,126.02,0.94
2013-09-17,4.0,1.0,127.56,0.8
2013-09-18,10.0,1.0,127.23,0.91
2013-09-19,9.0,,124.1,
2013-09-20,4.0,,123.98,
2013-09-21,6.0,,123.5,
2013-09-22,9.0,,122.78,
2013-09-23,6.0,1.0,123.02,0.86
2013-09-24,7.0,3.0,122.59,0.7
2013-09-25,10.0,,124.18,
2013-09-26,8.0,,123.85,
2013-09-27,12.0,3.0,125.6,0.8
2013-09-28,10.0,,126.5,
2013-09-29,5.0,,128.1,
2013-09-30,6.0,5.0,125.8,0.55
2013-10-01,12.0,,127.11,
2013-10-02,20.0,7.0,104.47,0.74
2013-10-03,12.0,5.0,116.95,0.71
2013-10-04,15.0,4.0,122.0,0.79
2013-10-05,11.0,2.0,121.51,0.85
2013-10-06,7.0,1.0,121.6,0.88
2013-10-07,15.0,,123.6,
2013-10-08,14.0,2.0,123.84,0.88
2013-10-09,13.0,4.0,126.08,0.76
2013-10-10,9.0,3.0,126.43,0.75
2013-10-11,4.0,,126.84,
2013-10-12,7.0,,127.53,
2013-10-13,9.0,1.0,129.74,0.9
2013-10-14,19.0,2.0,135.69,0.9
2013-10-15,13.0,2.0,139.24,0.87
2013-10-16,16.0,,141.83,
2013-10-17,7.0,,143.33,
2013-10-18,9.0,1.0,150.59,0.9
2013-10-19,12.0,2.0,165.05,0.86
2013-10-20,7.0,,165.71,
2013-10-21,15.0,7.0,177.07,0.68
2013-10-22,18.0,4.0,191.78,0.82
2013-10-23,10.0,2.0,199.95,0.83
2013-10-24,34.0,1.0,195.78,0.97
2013-10-25,22.0,2.0,172.81,0.92
2013-10-26,12.0,,179.71,
2013-10-27,9.0,3.0,189.06,0.75
2013-10-28,14.0,2.0,196.25,0.88
2013-10-29,25.0,8.0,202.09,0.76
2013-10-30,23.0,2.0,203.39,0.92
2013-10-31,18.0,4.0,201.61,0.82
2013-11-01,16.0,1.0,203.24,0.94
2013-11-02,10.0,2.0,204.15,0.83
2013-11-03,11.0,3.0,206.85,0.79
2013-11-04,27.0,1.0,225.1,0.96
2013-11-05,27.0,6.0,246.63,0.82
2013-11-06,34.0,6.0,258.23,0.85
2013-11-07,49.0,5.0,292.32,0.91
2013-11-08,48.0,14.0,325.56,0.77
2013-11-09,27.0,4.0,359.76,0.87
2013-11-10,27.0,4.0,296.91,0.87
2013-11-11,23.0,4.0,339.38,0.85
2013-11-12,20.0,8.0,353.95,0.71
2013-11-13,45.0,11.0,391.64,0.8
2013-11-14,38.0,5.0,416.5,0.88
2013-11-15,27.0,8.0,428.24,0.77
2013-11-16,21.0,3.0,433.53,0.88
2013-11-17,54.0,9.0,463.0,0.86
2013-11-18,123.0,26.0,583.16,0.83
2013-11-19,129.0,23.0,559.99,0.85
2013-11-20,83.0,9.0,595.0,0.9
2013-11-21,56.0,2.0,694.95,0.97
2013-11-22,94.0,7.0,761.0,0.93
2013-11-23,51.0,15.0,837.99,0.77
2013-11-24,44.0,8.0,833.16,0.85
2013-11-25,57.0,5.0,814.0,0.92
2013-11-26,75.0,3.0,844.9,0.96
2013-11-27,151.0,23.0,961.0,0.87
2013-11-28,123.0,18.0,1009.0,0.87
2013-11-29,99.0,12.0,1083.9,0.89
2013-11-30,87.0,11.0,1119.96,0.89
2013-12-01,87.0,12.0,970.0,0.88
2013-12-02,92.0,7.0,992.27,0.93
2013-12-03,84.0,9.0,1060.0,0.9
2013-12-04,100.0,7.0,1151.0,0.93
2013-12-05,126.0,9.0,1028.34,0.93
2013-12-06,106.0,12.0,894.0,0.9
2013-12-07,106.0,13.0,727.29,0.89
2013-12-08,56.0,7.0,722.99,0.89
2013-12-09,104.0,10.0,871.0,0.91
2013-12-10,96.0,7.0,936.98,0.93
2013-12-11,91.0,4.0,886.2,0.96
2013-12-12,84.0,9.0,845.75,0.9
2013-12-13,95.0,10.0,874.0,0.9
2013-12-14,54.0,6.0,864.7,0.9
2013-12-15,37.0,6.0,848.17,0.86
2013-12-16,62.0,7.0,709.0,0.9
2013-12-17,83.0,18.0,702.05,0.82
2013-12-18,158.0,20.0,576.16,0.89
2013-12-19,71.0,12.0,653.0,0.86
2013-12-20,61.0,3.0,660.0,0.95
2013-12-21,45.0,3.0,612.5,0.94
2013-12-22,42.0,4.0,637.0,0.91
2013-12-23,47.0,,639.9,
2013-12-24,48.0,6.0,647.27,0.89
2013-12-25,49.0,3.0,658.07,0.94
2013-12-26,38.0,3.0,734.42,0.93
2013-12-27,41.0,8.0,715.51,0.84
2013-12-28,43.0,6.0,701.61,0.88
2013-12-29,27.0,4.0,714.79,0.87
2013-12-30,41.0,2.0,739.1,0.95
2013-12-31,,,731.0,
2014-01-01,45.0,6.0,746.9,0.88
2014-01-02,81.0,3.0,758.01,0.96
2014-01-03,105.0,5.0,806.21,0.95
2014-01-04,88.0,4.0,822.38,0.96
2014-01-05,102.0,5.0,896.0,0.95
2014-01-06,125.0,8.0,934.21,0.94
2014-01-07,121.0,6.0,867.38,0.95
2014-01-08,121.0,8.0,825.29,0.94
2014-01-09,86.0,6.0,809.17,0.93
2014-01-10,97.0,3.0,827.46,0.97
2014-01-11,69.0,2.0,891.85,0.97
2014-01-12,41.0,5.0,851.0,0.89
2014-01-13,53.0,6.0,807.83,0.9
2014-01-14,65.0,3.0,820.75,0.96
2014-01-15,72.0,3.0,847.7,0.96
2014-01-16,76.0,9.0,830.9,0.89
2014-01-17,56.0,8.0,793.0,0.88
2014-01-18,31.0,6.0,801.53,0.84
2014-01-19,39.0,7.0,833.0,0.85
2014-01-20,49.0,5.0,831.72,0.91
2014-01-21,77.0,4.0,822.56,0.95
2014-01-22,85.0,10.0,813.05,0.89
2014-01-23,82.0,10.0,813.02,0.89
2014-01-24,72.0,11.0,789.1,0.87
2014-01-25,61.0,2.0,806.0,0.97
2014-01-26,70.0,2.0,826.77,0.97
2014-01-27,71.0,8.0,777.0,0.9
2014-01-28,97.0,9.0,800.2,0.92
2014-01-29,66.0,9.0,803.6,0.88
2014-01-30,71.0,10.0,799.37,0.88
2014-01-31,65.0,9.0,802.5,0.88
2014-02-01,33.0,6.0,815.99,0.85
2014-02-02,46.0,6.0,819.57,0.88
2014-02-03,51.0,6.0,813.8,0.89
2014-02-04,75.0,11.0,809.05,0.87
2014-02-05,59.0,8.0,800.0,0.88
2014-02-06,70.0,11.0,778.0,0.86
2014-02-07,81.0,18.0,742.78,0.82
2014-02-08,49.0,4.0,707.0,0.92
2014-02-09,54.0,9.0,710.0,0.86
2014-02-10,107.0,20.0,665.0,0.84
2014-02-11,81.0,22.0,670.0,0.79
2014-02-12,78.0,9.0,667.01,0.9
2014-02-13,63.0,13.0,633.99,0.83
2014-02-14,75.0,5.0,672.1,0.94
2014-02-15,36.0,5.0,651.42,0.88
2014-02-16,58.0,3.0,623.5,0.95
2014-02-17,64.0,5.0,642.0,0.93
2014-02-18,65.0,16.0,626.77,0.8
2014-02-19,56.0,5.0,623.93,0.92
2014-02-20,77.0,10.0,582.7,0.89
2014-02-21,42.0,6.0,566.16,0.88
2014-02-22,40.0,7.0,603.98,0.85
2014-02-23,36.0,3.0,626.77,0.92
2014-02-24,56.0,6.0,545.0,0.9
2014-02-25,147.0,58.0,528.0,0.72
2014-02-26,85.0,22.0,585.38,0.79
2014-02-27,81.0,8.0,585.17,0.91
2014-02-28,81.0,33.0,577.97,0.71
2014-03-01,58.0,9.0,571.5,0.87
2014-03-02,49.0,7.0,559.88,0.88
2014-03-03,87.0,5.0,666.5,0.95
2014-03-04,90.0,15.0,677.61,0.86
2014-03-05,71.0,8.0,664.85,0.9
2014-03-06,102.0,36.0,657.02,0.74
2014-03-07,96.0,21.0,621.3,0.82
2014-03-08,66.0,9.0,609.0,0.88
2014-03-09,32.0,11.0,637.99,0.74
2014-03-10,79.0,6.0,621.99,0.93
2014-03-11,76.0,10.0,622.9,0.88
2014-03-12,82.0,5.0,642.1,0.94
2014-03-13,51.0,5.0,642.61,0.91
2014-03-14,58.0,4.0,636.47,0.94
2014-03-15,40.0,7.0,636.29,0.85
2014-03-16,37.0,7.0,634.94,0.84
2014-03-17,39.0,7.0,624.7,0.85
2014-03-18,49.0,3.0,627.0,0.94
2014-03-19,63.0,6.0,608.41,0.91
2014-03-20,65.0,4.0,590.0,0.94
2014-03-21,62.0,7.0,579.99,0.9
2014-03-22,47.0,3.0,557.0,0.94
2014-03-23,36.0,1.0,567.13,0.97
2014-03-24,60.0,5.0,572.0,0.92
2014-03-25,110.0,6.0,580.02,0.95
2014-03-26,92.0,14.0,585.7,0.87
2014-03-27,77.0,9.0,520.2,0.9
2014-03-28,116.0,12.0,503.0,0.91
2014-03-29,82.0,9.0,499.94,0.9
2014-03-30,47.0,7.0,449.02,0.87
2014-03-31,68.0,6.0,457.0,0.92
2014-04-01,94.0,9.0,479.51,0.91
2014-04-02,67.0,7.0,445.0,0.91
2014-04-03,58.0,11.0,446.31,0.84
2014-04-04,55.0,11.0,446.01,0.83
2014-04-05,46.0,2.0,451.84,0.96
2014-04-06,46.0,6.0,459.67,0.88
2014-04-07,38.0,5.0,447.74,0.88
2014-04-08,51.0,3.0,454.07,0.94
2014-04-09,49.0,6.0,443.1,0.89
2014-04-10,61.0,15.0,401.0,0.8
2014-04-11,54.0,11.0,427.99,0.83
2014-04-12,39.0,6.0,424.98,0.87
2014-04-13,27.0,2.0,405.0,0.93
2014-04-14,41.0,11.0,453.14,0.79
2014-04-15,45.0,7.0,489.91,0.87
2014-04-16,37.0,4.0,511.5,0.9
2014-04-17,41.0,6.0,495.0,0.87
2014-04-18,25.0,,479.98,
2014-04-19,31.0,7.0,499.9,0.82
2014-04-20,37.0,1.0,500.19,0.97
2014-04-21,26.0,1.0,496.5,0.96
2014-04-22,33.0,2.0,493.33,0.94
2014-04-23,41.0,5.0,487.3,0.89
2014-04-24,42.0,5.0,491.6,0.89
2014-04-25,37.0,5.0,459.15,0.88
2014-04-26,21.0,1.0,463.88,0.95
2014-04-27,19.0,2.0,440.1,0.9
2014-04-28,30.0,5.0,447.0,0.86
2014-04-29,45.0,3.0,447.7,0.94
2014-04-30,46.0,7.0,449.0,0.87
2014-05-01,37.0,6.0,460.01,0.86
2014-05-02,26.0,3.0,447.51,0.9
2014-05-03,32.0,6.0,434.5,0.84
2014-05-04,22.0,3.0,436.21,0.88
2014-05-05,38.0,7.0,427.83,0.84
2014-05-06,35.0,6.0,430.33,0.85
2014-05-07,39.0,10.0,446.65,0.8
2014-05-08,44.0,5.0,441.5,0.9
2014-05-09,42.0,3.0,452.02,0.93
2014-05-10,33.0,2.0,452.42,0.94
2014-05-11,24.0,1.0,435.0,0.96
2014-05-12,27.0,1.0,441.5,0.96
2014-05-13,30.0,4.0,438.95,0.88
2014-05-14,43.0,4.0,447.49,0.91
2014-05-15,46.0,3.0,448.99,0.94
2014-05-16,42.0,4.0,449.51,0.91
2014-05-17,21.0,3.0,449.08,0.88
2014-05-18,21.0,5.0,447.14,0.81
2014-05-19,30.0,5.0,446.42,0.86
2014-05-20,57.0,2.0,485.01,0.97
2014-05-21,54.0,4.0,494.87,0.93
2014-05-22,75.0,6.0,523.84,0.93
2014-05-23,42.0,5.0,527.47,0.89
2014-05-24,21.0,2.0,521.52,0.91
2014-05-25,39.0,5.0,575.0,0.89
2014-05-26,43.0,4.0,584.0,0.91
2014-05-27,79.0,8.0,581.87,0.91
2014-05-28,35.0,4.0,574.33,0.9
2014-05-29,43.0,3.0,568.0,0.93
2014-05-30,49.0,2.0,609.03,0.96
2014-05-31,29.0,2.0,620.45,0.94
2014-06-01,35.0,,674.98,
2014-06-02,51.0,2.0,631.49,0.96
2014-06-03,47.0,5.0,673.9,0.9
2014-06-04,48.0,5.0,644.66,0.91
2014-06-05,42.0,3.0,658.72,0.93
2014-06-06,37.0,5.0,655.75,0.88
2014-06-07,19.0,5.0,654.3,0.79
2014-06-08,30.0,3.0,652.0,0.91
2014-06-09,37.0,1.0,650.93,0.97
2014-06-10,35.0,10.0,649.89,0.78
2014-06-11,40.0,9.0,639.99,0.82
2014-06-12,65.0,5.0,617.0,0.93
2014-06-13,43.0,10.0,582.0,0.81
2014-06-14,29.0,4.0,557.92,0.88
2014-06-15,24.0,1.0,560.49,0.96
2014-06-16,43.0,3.0,595.0,0.93
2014-06-17,48.0,6.0,597.65,0.89
2014-06-18,47.0,5.0,604.6,0.9
2014-06-19,36.0,10.0,604.32,0.78
2014-06-20,48.0,7.0,593.33,0.87
2014-06-21,36.0,,590.99,
2014-06-22,16.0,,596.08,
2014-06-23,55.0,12.0,591.5,0.82
2014-06-24,41.0,3.0,585.54,0.93
2014-06-25,36.0,3.0,567.0,0.92
2014-06-26,36.0,4.0,569.0,0.9
2014-06-27,30.0,4.0,588.97,0.88
2014-06-28,39.0,4.0,597.08,0.91
2014-06-29,29.0,4.0,596.0,0.88
2014-06-30,41.0,4.0,620.0,0.91
2014-07-01,57.0,2.0,654.45,0.97
2014-07-02,44.0,7.0,654.0,0.86
2014-07-03,40.0,7.0,644.04,0.85
2014-07-04,41.0,4.0,635.49,0.91
2014-07-05,27.0,2.0,632.78,0.93
2014-07-06,28.0,6.0,634.49,0.82
2014-07-07,32.0,6.0,621.98,0.84
2014-07-08,39.0,3.0,623.7,0.93
2014-07-09,36.0,2.0,624.84,0.95
2014-07-10,59.0,1.0,619.78,0.98
2014-07-11,32.0,1.0,630.31,0.97
2014-07-12,32.0,3.0,631.98,0.91
2014-07-13,33.0,,630.9,
2014-07-14,29.0,4.0,622.8,0.88
2014-07-15,33.0,3.0,623.17,0.92
2014-07-16,56.0,,619.48,
2014-07-17,52.0,5.0,626.0,0.91
2014-07-18,63.0,9.0,629.86,0.88
2014-07-19,48.0,7.0,630.92,0.87
2014-07-20,31.0,5.0,623.77,0.86
2014-07-21,40.0,7.0,619.14,0.85
2014-07-22,43.0,7.0,621.03,0.86
2014-07-23,42.0,3.0,622.01,0.93
2014-07-24,46.0,2.0,601.18,0.96
2014-07-25,23.0,2.0,602.59,0.92
2014-07-26,25.0,6.0,595.88,0.81
2014-07-27,21.0,2.0,592.51,0.91
2014-07-28,52.0,3.0,586.96,0.95
2014-07-29,32.0,1.0,581.5,0.97
2014-07-30,31.0,2.0,573.48,0.94
2014-07-31,33.0,3.0,586.0,0.92
2014-08-01,35.0,2.0,601.94,0.95
2014-08-02,19.0,1.0,591.59,0.95
2014-08-03,24.0,3.0,589.79,0.89
2014-08-04,24.0,1.0,593.94,0.96
2014-08-05,23.0,5.0,580.21,0.82
2014-08-06,20.0,2.0,581.6,0.91
2014-08-07,30.0,2.0,587.24,0.94
2014-08-08,41.0,4.0,589.3,0.91
2014-08-09,30.0,3.0,588.61,0.91
2014-08-10,20.0,1.0,588.99,0.95
2014-08-11,38.0,3.0,578.97,0.93
2014-08-12,30.0,5.0,569.54,0.86
2014-08-13,40.0,2.0,550.14,0.95
2014-08-14,51.0,7.0,521.66,0.88
2014-08-15,45.0,3.0,498.16,0.94
2014-08-16,26.0,2.0,509.0,0.93
2014-08-17,28.0,5.0,491.88,0.85
2014-08-18,50.0,9.0,468.19,0.85
2014-08-19,38.0,7.0,487.5,0.84
2014-08-20,35.0,3.0,507.3,0.92
2014-08-21,41.0,6.0,525.78,0.87
2014-08-22,43.0,3.0,518.25,0.93
2014-08-23,32.0,3.0,503.88,0.91
2014-08-24,22.0,4.0,510.75,0.85
2014-08-25,30.0,4.0,503.79,0.88
2014-08-26,42.0,2.0,512.79,0.95
2014-08-27,46.0,5.0,514.84,0.9
2014-08-28,38.0,5.0,509.39,0.88
2014-08-29,40.0,7.0,511.99,0.85
2014-08-30,24.0,6.0,503.88,0.8
2014-08-31,28.0,4.0,477.98,0.88
2014-09-01,37.0,8.0,482.59,0.82
2014-09-02,47.0,5.0,483.65,0.9
2014-09-03,42.0,4.0,472.76,0.91
2014-09-04,46.0,2.0,486.0,0.96
2014-09-05,47.0,3.0,485.91,0.94
2014-09-06,36.0,1.0,481.09,0.97
2014-09-07,29.0,4.0,480.62,0.88
2014-09-08,45.0,3.0,476.61,0.94
2014-09-09,62.0,1.0,466.48,0.98
2014-09-10,36.0,2.0,485.03,0.95
2014-09-11,38.0,4.0,469.0,0.9
2014-09-12,47.0,,470.43,
2014-09-13,30.0,2.0,479.86,0.94
2014-09-14,46.0,7.0,475.49,0.87
2014-09-15,50.0,2.0,475.3,0.96
2014-09-16,75.0,4.0,468.0,0.95
2014-09-17,57.0,9.0,448.0,0.86
2014-09-18,52.0,1.0,428.19,0.98
2014-09-19,75.0,9.0,398.89,0.89
2014-09-20,36.0,3.0,415.56,0.92
2014-09-21,30.0,1.0,406.3,0.97
2014-09-22,55.0,2.0,400.98,0.96
2014-09-23,76.0,2.0,423.0,0.97
2014-09-24,63.0,6.0,431.91,0.91
2014-09-25,45.0,3.0,408.08,0.94
2014-09-26,61.0,2.0,405.14,0.97
2014-09-27,30.0,2.0,400.74,0.94
2014-09-28,31.0,1.0,380.0,0.97
2014-09-29,51.0,3.0,381.94,0.94
2014-09-30,58.0,8.0,382.67,0.88
2014-10-01,52.0,2.0,385.27,0.96
2014-10-02,43.0,3.0,375.85,0.93
2014-10-03,51.0,5.0,363.75,0.91
2014-10-04,37.0,9.0,336.0,0.8
2014-10-05,60.0,8.0,293.67,0.88
2014-10-06,62.0,5.0,331.2,0.93
2014-10-07,46.0,1.0,330.7,0.98
2014-10-08,40.0,5.0,346.26,0.89
2014-10-09,36.0,2.0,378.94,0.95
2014-10-10,30.0,1.0,358.97,0.97
2014-10-11,36.0,,359.99,
2014-10-12,31.0,2.0,364.83,0.94
2014-10-13,50.0,6.0,381.46,0.89
2014-10-14,40.0,4.0,411.89,0.91
2014-10-15,37.0,1.0,394.0,0.97
2014-10-16,43.0,4.0,378.02,0.91
2014-10-17,38.0,5.0,382.83,0.88
2014-10-18,25.0,3.0,389.68,0.89
2014-10-19,25.0,1.0,388.99,0.96
2014-10-20,38.0,2.0,384.95,0.95
2014-10-21,39.0,1.0,387.0,0.98
2014-10-22,28.0,2.0,385.1,0.93
2014-10-23,40.0,2.0,363.99,0.95
2014-10-24,37.0,1.0,358.46,0.97
2014-10-25,34.0,2.0,348.89,0.94
2014-10-26,29.0,4.0,355.43,0.88
2014-10-27,48.0,9.0,356.5,0.84
2014-10-28,35.0,5.0,354.94,0.88
2014-10-29,43.0,4.0,343.53,0.91
2014-10-30,32.0,4.0,337.0,0.89
2014-10-31,34.0,3.0,340.95,0.92
2014-11-01,16.0,6.0,327.39,0.73
2014-11-02,16.0,1.0,326.41,0.94
2014-11-03,38.0,1.0,325.81,0.97
2014-11-04,37.0,1.0,328.72,0.97
2014-11-05,30.0,2.0,341.99,0.94
2014-11-06,52.0,4.0,347.96,0.93
2014-11-07,39.0,2.0,342.26,0.95
2014-11-08,39.0,2.0,345.84,0.95
2014-11-09,37.0,2.0,356.34,0.95
2014-11-10,42.0,1.0,375.87,0.98
2014-11-11,40.0,1.0,365.04,0.98
2014-11-12,76.0,2.0,430.07,0.97
2014-11-13,60.0,3.0,406.56,0.95
2014-11-14,45.0,1.0,396.56,0.98
2014-11-15,38.0,3.0,373.14,0.93
2014-11-16,37.0,1.0,383.65,0.97
2014-11-17,40.0,4.0,378.48,0.91
2014-11-18,47.0,3.0,379.91,0.94
2014-11-19,46.0,4.0,374.77,0.92
2014-11-20,39.0,2.0,361.7,0.95
2014-11-21,40.0,3.0,356.9,0.93
2014-11-22,32.0,1.0,359.8,0.97
2014-11-23,19.0,5.0,362.99,0.79
2014-11-24,38.0,2.0,384.0,0.95
2014-11-25,55.0,2.0,381.03,0.96
2014-11-26,54.0,3.0,371.44,0.95
2014-11-27,43.0,1.0,372.62,0.98
2014-11-28,29.0,2.0,376.12,0.94
2014-11-29,36.0,,377.22,
2014-11-30,22.0,,375.96,
2014-12-01,33.0,2.0,381.72,0.94
2014-12-02,54.0,1.0,381.93,0.98
2014-12-03,47.0,5.0,378.25,0.9
2014-12-04,33.0,3.0,371.67,0.92
2014-12-05,34.0,2.0,373.98,0.94
2014-12-06,41.0,1.0,374.05,0.98
2014-12-07,44.0,1.0,375.73,0.98
2014-12-08,44.0,3.0,367.01,0.94
2014-12-09,31.0,4.0,350.29,0.89
2014-12-10,53.0,,350.97,
2014-12-11,57.0,6.0,356.1,0.9
2014-12-12,79.0,1.0,355.08,0.99
2014-12-13,41.0,,350.31,
2014-12-14,30.0,,353.28,
2014-12-15,50.0,2.0,352.15,0.96
2014-12-16,70.0,2.0,336.73,0.97
2014-12-17,51.0,1.0,318.2,0.98
2014-12-18,45.0,5.0,317.7,0.9
2014-12-19,46.0,5.0,317.63,0.9
2014-12-20,28.0,8.0,325.7,0.78
2014-12-21,29.0,3.0,326.93,0.91
2014-12-22,41.0,3.0,332.53,0.93
2014-12-23,40.0,2.0,336.96,0.95
2014-12-24,30.0,2.0,327.59,0.94
2014-12-25,26.0,2.0,319.31,0.93
2014-12-26,36.0,6.0,328.09,0.86
2014-12-27,73.0,8.0,314.45,0.9
2014-12-28,23.0,3.0,317.5,0.88
2014-12-29,29.0,1.0,314.49,0.97
2014-12-30,27.0,5.0,313.09,0.84
2014-12-31,,,317.4,
2015-01-01,35.0,1.0,315.7,0.97
2015-01-02,38.0,2.0,316.15,0.95
2015-01-03,51.0,5.0,302.33,0.91
2015-01-04,55.0,11.0,270.93,0.83
2015-01-05,79.0,8.0,276.8,0.91
2015-01-06,65.0,6.0,276.8,0.92
2015-01-07,60.0,4.0,276.8,0.94
2015-01-08,47.0,7.0,276.8,0.87
2015-01-09,58.0,8.0,276.8,0.88
2015-01-10,46.0,4.0,278.0,0.92
2015-01-11,39.0,5.0,272.25,0.89
2015-01-12,41.0,2.0,270.0,0.95
2015-01-13,73.0,9.0,230.89,0.89
2015-01-14,109.0,17.0,176.5,0.87
2015-01-15,68.0,4.0,218.11,0.94
2015-01-16,57.0,6.0,205.35,0.9
2015-01-17,31.0,3.0,197.12,0.91
2015-01-18,33.0,5.0,211.18,0.87
2015-01-19,36.0,9.0,212.39,0.8
2015-01-20,48.0,3.0,212.99,0.94
2015-01-21,42.0,1.0,215.2,0.98
2015-01-22,47.0,6.0,233.9,0.89
2015-01-23,40.0,5.0,233.03,0.89
2015-01-24,37.0,5.0,244.64,0.88
2015-01-25,33.0,5.0,247.11,0.87
2015-01-26,56.0,5.0,271.47,0.92
2015-01-27,42.0,6.0,266.03,0.88
2015-01-28,48.0,4.0,249.25,0.92
2015-01-29,38.0,4.0,233.19,0.9
2015-01-30,36.0,5.0,230.11,0.88
2015-01-31,29.0,6.0,229.7,0.83
2015-02-01,22.0,6.0,220.72,0.79
2015-02-02,25.0,1.0,223.0,0.96
2015-02-03,48.0,4.0,236.51,0.92
2015-02-04,33.0,7.0,222.56,0.82
2015-02-05,38.0,8.0,217.37,0.83
2015-02-06,32.0,5.0,220.47,0.86
2015-02-07,40.0,4.0,225.16,0.91
2015-02-08,22.0,7.0,223.5,0.76
2015-02-09,29.0,5.0,220.39,0.85
2015-02-10,36.0,6.0,220.16,0.86
2015-02-11,31.0,2.0,221.99,0.94
2015-02-12,43.0,5.0,221.83,0.9
2015-02-13,48.0,4.0,239.94,0.92
2015-02-14,29.0,2.0,245.31,0.94
2015-02-15,27.0,3.0,243.99,0.9
2015-02-16,36.0,6.0,235.86,0.86
2015-02-17,38.0,5.0,244.0,0.88
2015-02-18,41.0,,234.87,
2015-02-19,35.0,9.0,241.59,0.8
2015-02-20,41.0,8.0,243.56,0.84
2015-02-21,25.0,1.0,245.66,0.96
2015-02-22,23.0,3.0,236.0,0.88
2015-02-23,36.0,3.0,237.09,0.92
2015-02-24,43.0,10.0,240.1,0.81
2015-02-25,54.0,2.0,238.59,0.96
2015-02-26,42.0,2.0,237.5,0.95
2015-02-27,50.0,1.0,254.0,0.98
2015-02-28,45.0,2.0,252.98,0.96
2015-03-01,33.0,4.0,247.56,0.89
2015-03-02,45.0,,263.81,
2015-03-03,57.0,2.0,275.8,0.97
2015-03-04,38.0,7.0,281.65,0.84
2015-03-05,38.0,5.0,265.63,0.88
2015-03-06,41.0,2.0,272.12,0.95
2015-03-07,38.0,5.0,275.83,0.88
2015-03-08,23.0,3.0,273.87,0.88
2015-03-09,42.0,4.0,287.48,0.91
2015-03-10,49.0,2.0,294.06,0.96
2015-03-11,49.0,4.0,293.29,0.92
2015-03-12,40.0,1.0,297.39,0.98
2015-03-13,51.0,2.0,289.51,0.96
2015-03-14,27.0,1.0,284.21,0.96
2015-03-15,30.0,3.0,283.57,0.91
2015-03-16,33.0,2.0,290.88,0.94
2015-03-17,33.0,4.0,287.02,0.89
2015-03-18,34.0,6.0,265.85,0.85
2015-03-19,47.0,7.0,260.62,0.87
2015-03-20,24.0,3.0,259.8,0.89
2015-03-21,33.0,2.0,257.83,0.94
2015-03-22,30.0,2.0,260.5,0.94
2015-03-23,37.0,5.0,266.07,0.88
2015-03-24,36.0,4.0,247.83,0.9
2015-03-25,30.0,5.0,245.68,0.86
2015-03-26,42.0,5.0,251.98,0.89
2015-03-27,29.0,2.0,248.63,0.94
2015-03-28,26.0,3.0,251.52,0.9
2015-03-29,24.0,4.0,244.05,0.86
2015-03-30,27.0,2.0,245.18,0.93
2015-03-31,38.0,2.0,242.92,0.95
2015-04-01,36.0,2.0,242.7,0.95
2015-04-02,28.0,1.0,252.44,0.97
2015-04-03,21.0,1.0,254.39,0.95
2015-04-04,16.0,1.0,253.77,0.94
2015-04-05,22.0,1.0,257.03,0.96
2015-04-06,23.0,1.0,254.7,0.96
2015-04-07,40.0,3.0,255.48,0.93
2015-04-08,46.0,3.0,245.89,0.94
2015-04-09,47.0,3.0,244.98,0.94
2015-04-10,27.0,5.0,235.71,0.84
2015-04-11,24.0,4.0,236.7,0.86
2015-04-12,27.0,3.0,236.76,0.9
2015-04-13,34.0,3.0,225.99,0.92
2015-04-14,29.0,2.0,216.0,0.94
2015-04-15,22.0,3.0,218.96,0.88
2015-04-16,26.0,5.0,229.62,0.84
2015-04-17,11.0,2.0,222.67,0.85
2015-04-18,18.0,1.0,222.32,0.95
2015-04-19,15.0,1.0,225.72,0.94
2015-04-20,26.0,1.0,224.63,0.96
2015-04-21,17.0,,224.88,
2015-04-22,23.0,4.0,237.34,0.85
2015-04-23,24.0,,235.48,
2015-04-24,16.0,4.0,230.93,0.8
2015-04-25,13.0,4.0,228.6,0.76
2015-04-26,12.0,2.0,218.42,0.86
2015-04-27,24.0,1.0,222.59,0.96
2015-04-28,27.0,6.0,222.66,0.82
2015-04-29,40.0,5.0,225.69,0.89
2015-04-30,24.0,5.0,235.13,0.83
2015-05-01,36.0,4.0,233.43,0.9
2015-05-02,19.0,,234.13,
2015-05-03,19.0,1.0,240.51,0.95
2015-05-04,27.0,1.0,236.17,0.96
2015-05-05,32.0,4.0,234.66,0.89
2015-05-06,30.0,4.0,235.79,0.88
2015-05-07,32.0,,233.99,
2015-05-08,30.0,2.0,244.72,0.94
2015-05-09,15.0,2.0,241.08,0.88
2015-05-10,22.0,4.0,239.35,0.85
2015-05-11,25.0,6.0,244.19,0.81
2015-05-12,30.0,,241.51,
2015-05-13,30.0,2.0,242.72,0.94
2015-05-14,34.0,2.0,238.32,0.94
2015-05-15,37.0,2.0,237.6,0.95
2015-05-16,17.0,,236.63,
2015-05-17,20.0,2.0,235.78,0.91
2015-05-18,37.0,4.0,236.45,0.9
2015-05-19,21.0,4.0,232.04,0.84
2015-05-20,24.0,2.0,234.6,0.92
2015-05-21,27.0,1.0,236.0,0.96
2015-05-22,36.0,5.0,240.5,0.88
2015-05-23,28.0,2.0,238.77,0.93
2015-05-24,25.0,2.0,240.46,0.93
2015-05-25,21.0,3.0,235.65,0.88
2015-05-26,18.0,5.0,235.94,0.78
2015-05-27,20.0,,235.0,
2015-05-28,29.0,,236.48,
2015-05-29,20.0,6.0,235.87,0.77
2015-05-30,15.0,1.0,231.12,0.94
2015-05-31,18.0,2.0,231.95,0.9
2015-06-01,28.0,3.0,222.4,0.9
2015-06-02,34.0,2.0,224.83,0.94
2015-06-03,29.0,2.0,226.29,0.94
2015-06-04,27.0,5.0,225.54,0.84
2015-06-05,20.0,1.0,224.15,0.95
2015-06-06,19.0,3.0,224.49,0.86
2015-06-07,17.0,9.0,222.6,0.65
2015-06-08,22.0,1.0,228.0,0.96
2015-06-09,23.0,3.0,230.1,0.88
2015-06-10,27.0,2.0,228.01,0.93
2015-06-11,25.0,3.0,229.0,0.89
2015-06-12,25.0,2.0,229.98,0.93
2015-06-13,25.0,1.0,230.22,0.96
2015-06-14,33.0,2.0,232.05,0.94
2015-06-15,35.0,1.0,236.46,0.97
2015-06-16,52.0,1.0,245.35,0.98
2015-06-17,49.0,2.0,249.96,0.96
2015-06-18,53.0,5.0,248.25,0.91
2015-06-19,47.0,4.0,246.45,0.92
2015-06-20,28.0,,244.08,
2015-06-21,40.0,5.0,242.47,0.89
2015-06-22,32.0,1.0,246.35,0.97
2015-06-23,49.0,7.0,243.92,0.88
2015-06-24,48.0,1.0,240.64,0.98
2015-06-25,49.0,1.0,241.92,0.98
2015-06-26,47.0,2.0,241.19,0.96
2015-06-27,37.0,2.0,248.5,0.95
2015-06-28,38.0,7.0,248.76,0.84
2015-06-29,64.0,2.0,253.8,0.97
2015-06-30,69.0,,262.53,
2015-07-01,53.0,6.0,257.85,0.9
2015-07-02,50.0,4.0,255.06,0.93
2015-07-03,37.0,9.0,255.1,0.8
2015-07-04,23.0,,257.92,
2015-07-05,45.0,9.0,270.92,0.83
2015-07-06,48.0,5.0,273.37,0.91
2015-07-07,43.0,6.0,267.26,0.88
2015-07-08,57.0,7.0,269.68,0.89
2015-07-09,39.0,2.0,270.68,0.95
2015-07-10,58.0,4.0,286.98,0.94
2015-07-11,37.0,2.0,293.5,0.95
2015-07-12,52.0,2.0,309.3,0.96
2015-07-13,32.0,4.0,289.9,0.89
2015-07-14,37.0,1.0,292.87,0.97
2015-07-15,33.0,6.0,290.95,0.85
2015-07-16,35.0,2.0,275.76,0.95
2015-07-17,25.0,4.0,277.99,0.86
2015-07-18,16.0,3.0,278.08,0.84
2015-07-19,25.0,4.0,276.09,0.86
2015-07-20,35.0,,278.26,
2015-07-21,31.0,5.0,278.97,0.86
2015-07-22,25.0,5.0,277.54,0.83
2015-07-23,37.0,1.0,276.64,0.97
2015-07-24,38.0,3.0,287.3,0.93
2015-07-25,13.0,3.0,287.12,0.81
2015-07-26,19.0,1.0,292.33,0.95
2015-07-27,21.0,2.0,290.79,0.91
2015-07-28,30.0,2.0,295.24,0.94
2015-07-29,33.0,1.0,290.7,0.97
2015-07-30,31.0,3.0,287.56,0.91
2015-07-31,24.0,,284.78,
2015-08-01,34.0,1.0,280.72,0.97
2015-08-02,24.0,4.0,280.69,0.86
2015-08-03,36.0,4.0,284.39,0.9
2015-08-04,36.0,,285.0,
2015-08-05,21.0,2.0,282.69,0.91
2015-08-06,35.0,4.0,277.1,0.9
2015-08-07,22.0,,279.39,
2015-08-08,14.0,1.0,269.89,0.93
2015-08-09,13.0,6.0,265.42,0.68
2015-08-10,21.0,1.0,264.07,0.95
2015-08-11,28.0,2.0,265.85,0.93
2015-08-12,19.0,3.0,267.89,0.86
2015-08-13,34.0,3.0,265.97,0.92
2015-08-14,31.0,3.0,266.99,0.91
2015-08-15,27.0,,265.41,
2015-08-16,24.0,3.0,257.47,0.89
2015-08-17,32.0,4.0,257.45,0.89
2015-08-18,24.0,3.0,253.91,0.89
2015-08-19,29.0,5.0,233.29,0.85
2015-08-20,26.0,2.0,233.23,0.93
2015-08-21,20.0,6.0,233.59,0.77
2015-08-22,20.0,2.0,226.04,0.91
2015-08-23,19.0,2.0,228.68,0.9
2015-08-24,26.0,4.0,213.24,0.87
2015-08-25,28.0,2.0,222.02,0.93
2015-08-26,32.0,5.0,228.84,0.86
2015-08-27,21.0,,228.27,
2015-08-28,26.0,3.0,234.17,0.9
2015-08-29,20.0,,228.22,
2015-08-30,17.0,2.0,226.47,0.89
2015-08-31,34.0,1.0,230.94,0.97
2015-09-01,20.0,9.0,228.32,0.69
2015-09-02,19.0,3.0,230.68,0.86
2015-09-03,21.0,,227.42,
2015-09-04,21.0,2.0,230.8,0.91
2015-09-05,14.0,2.0,234.67,0.88
2015-09-06,17.0,1.0,240.2,0.94
2015-09-07,19.0,1.0,241.31,0.95
2015-09-08,15.0,1.0,243.08,0.94
2015-09-09,20.0,3.0,240.08,0.87
2015-09-10,24.0,1.0,239.68,0.96
2015-09-11,24.0,2.0,239.93,0.92
2015-09-12,14.0,1.0,235.13,0.93
2015-09-13,19.0,1.0,229.86,0.95
2015-09-14,13.0,,230.88,
2015-09-15,21.0,1.0,230.0,0.95
2015-09-16,19.0,,227.86,
2015-09-17,23.0,3.0,234.0,0.88
2015-09-18,24.0,4.0,232.99,0.86
2015-09-19,17.0,1.0,230.71,0.94
2015-09-20,17.0,4.0,230.2,0.81
2015-09-21,24.0,2.0,226.56,0.92
2015-09-22,17.0,2.0,229.43,0.89
2015-09-23,22.0,,229.95,
2015-09-24,25.0,1.0,233.9,0.96
2015-09-25,19.0,3.0,235.79,0.86
2015-09-26,32.0,1.0,233.76,0.97
2015-09-27,16.0,2.0,232.85,0.89
2015-09-28,32.0,2.0,238.94,0.94
2015-09-29,21.0,6.0,237.68,0.78
2015-09-30,22.0,4.0,237.91,0.85
2015-10-01,22.0,4.0,238.98,0.85
2015-10-02,20.0,1.0,237.78,0.95
2015-10-03,11.0,2.0,239.17,0.85
2015-10-04,10.0,1.0,239.47,0.91
2015-10-05,25.0,1.0,239.22,0.96
2015-10-06,20.0,3.0,246.67,0.87
2015-10-07,20.0,4.0,245.25,0.83
2015-10-08,29.0,1.0,243.91,0.97
2015-10-09,22.0,2.0,244.78,0.92
2015-10-10,14.0,,245.79,
2015-10-11,12.0,1.0,248.08,0.92
2015-10-12,19.0,,246.63,
2015-10-13,20.0,4.0,249.58,0.83
2015-10-14,32.0,2.0,254.6,0.94
2015-10-15,33.0,3.0,254.73,0.92
2015-10-16,35.0,1.0,262.31,0.97
2015-10-17,27.0,2.0,269.07,0.93
2015-10-18,30.0,1.0,262.44,0.97
2015-10-19,26.0,3.0,264.16,0.9
2015-10-20,28.0,,269.8,
2015-10-21,34.0,1.0,269.1,0.97
2015-10-22,22.0,1.0,273.95,0.96
2015-10-23,30.0,,277.43,
2015-10-24,18.0,4.0,279.9,0.82
2015-10-25,27.0,3.0,295.01,0.9
2015-10-26,25.0,1.0,284.95,0.96
2015-10-27,33.0,1.0,294.73,0.97
2015-10-28,44.0,2.0,298.95,0.96
2015-10-29,49.0,1.0,310.36,0.98
2015-10-30,35.0,,329.2,
2015-10-31,26.0,1.0,310.92,0.96
2015-11-01,26.0,2.0,311.5,0.93
2015-11-02,47.0,1.0,340.69,0.98
2015-11-03,60.0,6.0,409.0,0.91
2015-11-04,95.0,5.0,437.05,0.95
2015-11-05,56.0,4.0,400.0,0.93
2015-11-06,38.0,4.0,388.38,0.9
2015-11-07,18.0,,387.38,
2015-11-08,35.0,3.0,381.51,0.92
2015-11-09,40.0,3.0,378.8,0.93
2015-11-10,31.0,1.0,353.58,0.97
2015-11-11,45.0,9.0,309.9,0.83
2015-11-12,39.0,2.0,331.6,0.95
2015-11-13,35.0,2.0,332.2,0.95
2015-11-14,18.0,1.0,331.9,0.95
2015-11-15,26.0,,322.33,
2015-11-16,26.0,,329.32,
2015-11-17,27.0,3.0,335.95,0.9
2015-11-18,29.0,,334.46,
2015-11-19,20.0,6.0,329.0,0.77
2015-11-20,24.0,2.0,320.62,0.92
2015-11-21,29.0,6.0,325.56,0.83
2015-11-22,12.0,2.0,322.33,0.86
2015-11-23,24.0,1.0,324.49,0.96
2015-11-24,24.0,7.0,321.1,0.77
2015-11-25,33.0,3.0,325.0,0.92
2015-11-26,38.0,6.0,348.0,0.86
2015-11-27,33.0,3.0,359.54,0.92
2015-11-28,17.0,,353.88,
2015-11-29,24.0,,363.98,
2015-11-30,34.0,3.0,372.53,0.92
2015-12-01,23.0,1.0,359.32,0.96
2015-12-02,40.0,,360.98,
2015-12-03,34.0,2.0,362.49,0.94
2015-12-04,38.0,2.0,360.88,0.95
2015-12-05,28.0,1.0,377.72,0.97
2015-12-06,36.0,5.0,390.04,0.88
2015-12-07,30.0,2.0,395.58,0.94
2015-12-08,19.0,3.0,394.99,0.86
2015-12-09,49.0,12.0,414.01,0.8
2015-12-10,32.0,6.0,415.64,0.84
2015-12-11,39.0,3.0,444.29,0.93
2015-12-12,33.0,4.0,426.06,0.89
2015-12-13,17.0,3.0,438.79,0.85
2015-12-14,42.0,2.0,445.6,0.95
2015-12-15,32.0,4.0,459.48,0.89
2015-12-16,41.0,2.0,454.43,0.95
2015-12-17,28.0,1.0,453.39,0.97
2015-12-18,24.0,2.0,458.95,0.92
2015-12-19,26.0,,461.16,
2015-12-20,25.0,1.0,434.98,0.96
2015-12-21,29.0,2.0,438.7,0.94
2015-12-22,31.0,3.0,435.98,0.91
2015-12-23,29.0,1.0,441.4,0.97
2015-12-24,33.0,3.0,453.95,0.92
2015-12-25,28.0,,454.98,
2015-12-26,34.0,3.0,417.99,0.92
2015-12-27,27.0,3.0,418.46,0.9
2015-12-28,40.0,1.0,423.98,0.98
2015-12-29,36.0,2.0,431.13,0.95
2015-12-30,18.0,1.0,428.0,0.95
2015-12-31,,,429.34,
2016-01-01,,,432.33,
2016-01-02,,,433.94,
2016-01-03,,,428.13,
2016-01-04,,,433.0,
2016-01-05,,,431.9,
2016-01-06,,,430.75,
2016-01-07,,,453.71,
2016-01-08,,,447.04,
2016-01-09,,,450.15,
2016-01-10,,,446.24,
2016-01-11,,,447.11,
2016-01-12,,,446.66,
2016-01-13,,,429.57,
2016-01-14,,,431.9,
2016-01-15,,,391.62,
2016-01-16,,,370.4,
2016-01-17,,,385.45,
2016-01-18,,,385.28,
2016-01-19,,,378.66,
2016-01-20,,,408.33,
2016-01-21,,,408.0,
2016-01-22,,,385.7,
2016-01-23,,,388.5,
2016-01-24,,,404.75,
2016-01-25,,,387.09,
2016-01-26,,,394.12,
2016-01-27,,,394.45,
2016-01-28,,,382.44,
2016-01-29,,,377.26,
2016-01-30,,,378.24,
2016-01-31,,,376.86,
2016-02-01,,,372.0,
2016-02-02,,,373.48,
2016-02-03,,,368.38,
2016-02-04,,,385.06,
2016-02-05,,,386.49,
2016-02-06,,,373.04,
2016-02-07,,,373.74,
2016-02-08,,,375.8,
2016-02-09,,,372.61,
2016-02-10,,,378.98,
